reference_answer,student_answer,score,predicted_score
the loops begin at opposite sides of the print.,on the first one the middle is light and the second one is dark in the middle.,1,1.156
so that people notice the sound.,so people know there is an emergency.,4,2.872
an experiment is controlled if only one variable is changed at a time.,you control the mass of the tire swing.,1,1.44
"if a part of the plant contains seeds, that part is the fruit.","it has to have an embryo, seed count, and cotyledon.",4,2.797
a heat sink is any material that absorbs (a lot of) heat.,a heat sink is water that heats up more slowly and cools down more slowly than earth dry materials.,3,3.146
the marbles used by the 2 groups were probably different masses.,i think the marbles had a different weight.,4,1.973
yes. black absorbs more heat (energy) than white. white reflects more heat (energy) than black. therefore the black covered box will heat up faster than the white covered box.,"yes. because anything black will absorb the heat, and the heat will make the box hotter every 5 minutes that she checks. but if she was talking about the white box the answer would be no because white does not absorb heat like black does, it just makes it even cooler than hotter. so the answer is yes!",4,3.132
emily's crystals are the same shape as the alum crystals shown on the key.,i chose that answer because it looks the same like the drawing in the circle.,2,1.485
many tiny bubbles will rise from the calcite when the calcite contacts the cold acid.,for bubbles.,2,2.13
the mixtures are all clear.,his evidence is the mixture turned clear.,4,3.735
"a bigger hole puts more water in the stream. increased flow moves more earth materials, increasing erosion. a steeper slope makes the water flow faster. faster flow moves more earth materials, increasing erosion.",my choices cause more erosion because with a bigger hole more water comes out faster and when the slope is steeper the water goes down faster and very powerfully.,2,2.477
fruitsnap contains little or no vitamin c so fruitsnap does not change the color of the indophenol.,because it is too bright.,1,1.327
the bulb will light.,the light bulb will work and the motor will work.,4,3.757
the crystals are the same shape as the alum crystals.,because it has the same shape and size.,2,3.332
the loops begin at opposite sides of the print.,one is going left and the same.,2,2.519
"if the effort is applied farther from the fulcrum, less effort will lift the load.",they both help the scale by weighing the load.,1,2.164
use a standard unit of mass like grams.,one group could use an apple then when they are done the other group could use it.,1,1.822
40 meters. the change in elevation is 20 meters between a and b and 20 meters between b and c. so the change between a and c is 40 meters. 20 m plus 20 m equals 40 m.,"45, because you can tell by the lines.",3,2.845
greta and andre have different sized hands.,because the hands are not the same size.,4,3.68
"you can not tell because we do not know the strength of the magnets. if the magnets are weak, the second piece of foam might put too much distance between the 2 magnets for the interaction to hold the magnets in place. if the magnets are strong the magnets might stay in place.",because here i tried this with my reading book and it is thinner or it did not stick.,3,1.806
a car is made of a lot of iron or steel.,like a switch.,1,1.21
if the middle bulb burns out the other 2 bulbs will stay lit.,all of them will go out.,3,3.871
the crystals have different shapes. salt crystals are square with little xs. the calcite crystals are shaped like needles (long and skinny).,the crystals were points and the salt crystal were xs.,4,1.887
there is 30 grams (20 grams plus 10 grams) in the right cup. the balance is tipped down on the ball side which means the ball weighs more than 30 grams. 40 grams is the only weight heavier than 30 grams.,because 20 grams plus 10 grams equals 30 grams.,2,2.058
the motor will continue to run because the motor still has a pathway to the d-cell.,the motor will stop working.,3,2.624
emily's crystals are the same shape as the alum crystals shown on the key.,because i thought it was the best answer.,0,1.098
"20 centimeters size is between 10 and 30 centimeters, so the temperature change must be less than the 30 centimeters container, but more than the 10 centimeters container. 6 degrees celsius is halfway between.",i decided it would be 6 celsius for 10 minutes because it is counting by 3's. also because the bigger it gets the hotter it would be.,4,2.323
a chemical reaction occurred. [the white solid is a precipitate (a new material) which indicates the reaction.],the white solid indicates that the white solid went to the bottom.,1,2.238
"when the string is longer, the pitch will be lower.",softer.,1,1.17
the rubber band vibrates.,it vibrates.,4,3.808
that circuit is the only circuit that uses all of the correct contact points.,it is because it is the only one that allows the electricity to go in a complete circuit.,4,3.778
solar water heaters with blue collectors heat up faster than solar water heaters with red collectors.,blue is very attracted to the heat whether it is covered or not. red is not attracted.,4,3.451
"when the string is longer, the pitch will be lower.",it would sound lower.,4,2.779
"the dissolved salt particles are small enough to go through the holes in the filter paper, but the sand particles are too large.",because the sand is bigger than the salt.,4,2.982
"jim would see a clear solution. 3 spoons of solid dissolves, so 2 spoons will dissolve.",he would observe the nothing will be at the bottom.,2,2.105
there is 30 grams (20 grams plus 10 grams) in the right cup. the balance is tipped down on the ball side which means the ball weighs more than 30 grams. 40 grams is the only weight heavier than 30 grams.,because if you see it is that because i chose it.,0,1.257
no. only one circuit can be complete at a time.,no she cannot. she would have to turn the switch like this sideways because there is a gap if you turn it left or right.,2,2.79
"x. when equal amounts of 2 solutions are compared, the solution that is more concentrated will have the greater mass (weigh more). 50 milliliters of x has a greater mass than 50 milliliters of y, so x must be more concentrated.","x, cup x is more heavier.",2,2.569
the embryo contains the tiny leaves and root of the plant.,grows into a plant.,4,3.481
the particles of the solid are too big to go through the holes in the paper filter.,because the solid is too heavy to go through the paper.,2,3.445
the rubber band vibrates.,by the vibrations.,4,3.51
the bulb will light.,the light bulb will not work.,3,3.756
"no, fruity cream cookies are not pure sugar. the cookies did not produce as much gas as was produced by the pure sugar.","no, because there is fruit and fruit does not have that much sugar.",2,3.368
"the harder mineral will leave a scratch on the less hard mineral. if the black mineral is harder, the brown mineral will have a scratch.",the one with scratches or deeper scratches is weaker and the other rock is harder.,4,3.437
"the more blocks the truck carries, the less distance the truck travels in 10 seconds.",that will more number of blocks the slower it goes.,2,3.151
in the morning the sun is in the east so shadows point west. in the afternoon the sun is in the west so shadows point east.,because over time the sun goes to the west moving the shadow.,2,1.24
the particles of the solid are too big to go through the holes in the paper filter.,"the holes in the filter are smaller than the solid particles, and the water particles are smaller than the holes, so the water goes through the filter while the solid will not go through.",4,3.881
"when a paperclip sticks to a magnet, the paperclip turns into a temporary magnet, so the paperclip can stick to other paperclips and other things made of iron.",the magnet has enough power to pick up more things. what happens is the magnetic field goes around and the clips sticks to clip and then that clips up another and so forth.,2,2.234
solar water heaters with blue collectors heat up faster than solar water heaters with red collectors.,the blue color is kind of a color black and darker than red so that why the blue heat more than the red one.,4,3.68
"a. dry soil heats more quickly and cools off more quickly than water. the graph shows a heats and cools more quickly than b, so a must be the dry soil.",a. because a was the higher than the other one because it is hot inside because dry not wet.,2,2.617
so that people notice the sound.,so people would know to get out of the way.,4,3.34
the food contains sugar.,it indicates that sugar is in the food.,4,3.952
"the water was evaporated, leaving the salt.",put it on a dish and then the water gets in the air and the salt stays.,4,2.28
"if a part of the plant contains seeds, that part is the fruit.",if it has seeds it is a plant.,4,3.979
the crystals have different shapes. salt crystals are square with little xs. the calcite crystals are shaped like needles (long and skinny).,"the calcite crystals looked liked small white needles, the salt crystals were small white globs and squares with xs and diamonds.",4,2.723
c. black absorbs more heat (energy) than white. pan c has the most dark surface area so c would heat up the fastest and have the highest temperature.,c. the one with 3 is hotter because more black absorbs more heat.,4,3.155
use a standard unit of mass like grams.,they should use the same marbles.,1,1.163
"yes, they could both be correct. solubility is not the same for all materials.",yes because something else can have the exact same thing and it does not have to be like that.,2,3.499
the mixtures are all clear.,it has to be clear with nothing on bottom.,4,3.822
"if a part of the plant contains seeds, that part is the fruit.",does it have seeds is it covering seeds.,4,3.102
there is 30 grams (20 grams plus 10 grams) in the right cup. the balance is tipped down on the ball side which means the ball weighs more than 30 grams. 40 grams is the only weight heavier than 30 grams.,i chose it because the mass pieces are 30 grams. so i did the highest number.,4,1.89
"the harder mineral will leave a scratch on the less hard mineral. if the black mineral is harder, the brown mineral will have a scratch.",by rubbing them together whichever one the chalky stuff comes off of is the hardness.,3,3.071
the solutions have the same concentration (2 spoons in 50 milliliters is the same as 4 spoons in 100 milliliters) so the mass would also be the same.,cup b because it is just double.,3,2.052
"as time increases, the number of tree rings also increases.",it tells me that the older the tree the more rings it has.,4,1.876
the sand particles are larger and settle first. the flour particles are smaller and therefore settle more slowly.,they separate because the water makes them into layers by making water onto sand in middle and gray material on bottom.,1,1.971
the crystals are the same shape as the alum crystals.,why i chose that answer is that it looks like alum.,2,2.182
the food contains sugar.,that the food she tested had a lot of sugar and because she probably put sugar in it.,4,3.935
so people know exactly what the measurement means. a standard is necessary so everyone measures using the same unit and everyone gets the same measurement.,last time we were using our hand to measure the table and our hand we small and some of our kids was big.,2,2.854
agree. vibrations are movements. vibrations produce sound.,yes. because vibration is movement and to create vibration the object has to move to create sound.,4,3.777
set up evaporation dishes. the water will go into the air (evaporate) and the solid will be left in the dish (crystallize).,get a filter paper and pour the dissolve mixture and the solid will stay in the filter.,2,1.928
overly orange takes fewer drops to change the color of indophenol so overly orange has a higher concentration of vitamin c.,overly orange has higher concentration and the evidence is the overly orange has 8 drops and luscious lemon has 13 drops.,4,3.143
the seed coat protects the seed until the plant begins to grow.,to protect the seed.,2,2.425
"x. when equal amounts of 2 solutions are compared, the solution that is more concentrated will have the greater mass (weigh more). 50 milliliters of x has a greater mass than 50 milliliters of y, so x must be more concentrated.","x, i know that solution x is more concentrated.",2,2.331
the solutions have the same concentration (2 spoons in 50 milliliters is the same as 4 spoons in 100 milliliters) so the mass would also be the same.,they are the same amount of water different in spoons. that is why b weighs more because of spoons.,3,2.227
"when the string is longer, the pitch will be lower.",the pitch will be low.,4,3.885
"jim would see a clear solution. 3 spoons of solid dissolves, so 2 spoons will dissolve.",he would observe that the water is not saturated yet because a mixture 4 it get saturated.,4,2.287
"when the string is longer, the pitch will be lower.",the pitch will change by getting lower.,4,3.886
"the harder mineral will leave a scratch on the less hard mineral. if the black mineral is harder, the brown mineral will have a scratch.",the harder will leave a scratch on the other.,4,3.8
anna should compare the size of the grease spots. the sample with the larger grease spot has more fat.,she will know because the one with a big spot has more fat than the other one.,4,3.743
fruitsnap contains little or no vitamin c so fruitsnap does not change the color of the indophenol.,it was probably concentrated or it could have little or no vitamin c.,4,3.597
an experiment is controlled if only one variable is changed at a time.,a controlled experiment is when you change one variable that is it no more than one variable.,4,3.861
she recommended the topographic map because the map shows the elevations along the trail. pam would know where the trail was the steepest.,pam's friend recommend the topographic map so she can tell which side is steeper. it also shows the elevations for the height.,4,3.375
the motor will run.,the motor will work.,4,3.843
yes. black absorbs more heat (energy) than white. white reflects more heat (energy) than black. therefore the black covered box will heat up faster than the white covered box.,yes. because of the heat like black box is more hotter than the white one because of the color.,2,2.707
topaz would be the hardest of the 4 minerals because none of the tools could scratch topaz and at least one tool could scratch each of the other minerals.,a topaz is compared to z because it cannot be scratched with 2 thirds things. y is all the opposite of topaz. x cannot be scratched with one third of a topaz cannot be scratched.,3,3.661
"the brass ring would not stick to the nail because the ring is not iron. the nail is a temporary magnet, but brass cannot become a temporary magnet and thus does not stick to magnets.",i think the nail will stick because the ring is made out of metal.,3,2.674
an experiment is controlled if only one variable is changed at a time.,the longer the string the shorter the swings.,1,1.366
topaz would be the hardest of the 4 minerals because none of the tools could scratch topaz and at least one tool could scratch each of the other minerals.,"topaz would be all no's compared the minerals x, y, and z because topaz is one of the scratch free minerals.",1,3.31
yes. black absorbs more heat (energy) than white. white reflects more heat (energy) than black. therefore the black covered box will heat up faster than the white covered box.,"yes. yes because black absorbs the heat and traps it, and white just reflects the sun. so her prediction is right.",4,2.695
"the harder mineral will leave a scratch on the less hard mineral. if the black mineral is harder, the brown mineral will have a scratch.",because whichever one scratches is the hardest.,4,3.481
sammy's. different materials would make very different sounds. different size wood would make very similar sounds.,sammy - one is made out of wood and the different material.,2,2.103
shadows change during the day because the earth is turning. the sun stays in one place.,because it would show one side and the other that is why i picked rotate the globe.,4,2.565
agree. vibrations are movements. vibrations produce sound.,no because it can travel from air.,3,2.687
"in the afternoon, shadows point east because the sun is in the west. so the west side is opposite of the shadows.",because of the way the sun is showing.,1,1.129
shadows change during the day because the earth is turning. the sun stays in one place.,because it is a sign and the earth moves not the sun.,4,3.115
no. only one circuit can be complete at a time.,no because the negative on the side for the bulb might have to have the energy from the motor going in and it will go back and forth.,2,2.862
"in the afternoon, shadows point east because the sun is in the west. so the west side is opposite of the shadows.",because the sun is pointing east and the shadow have to point to the north.,3,2.487
the crystals have different shapes. salt crystals are square with little xs. the calcite crystals are shaped like needles (long and skinny).,"they both have different crystals in them, the ones that are white are whiter than the calcite test crystals.",1,2.058
use a standard unit of mass like grams.,because they weighed different but the same answer.,1,1.24
different girls are throwing the balls. the girls use different launch techniques. each girl uses a different type of ball.,"size of ball because they all should have used the same ball, where to start they should have all stood in the same spot.",4,3.065
anna should compare the size of the grease spots. the sample with the larger grease spot has more fat.,anna will measure the grease spot then she will figure out which one has more fat.,4,3.859
so that people notice the sound.,it had a high pitch to warn people.,4,2.595
"yes, aluminum foil is a metal and all metals conduct. the aluminum foil would complete the circuit.","no, because aluminum foil still does not have a path of electricity.",3,2.584
the circuit is not complete. the electrical pathway is broken.,"no, because it is not a full circuit.",4,3.935
seeing multiple colors would show that vinegar can separate the permanent ink.,it be better than water.,1,1.152
during a flood there is more water in the creek and the water flows faster.,"it will flow fast and crazy, but with a normal one it floods slow and calm.",3,2.719
susan should compare the amount of gas in each bag. the bag with the most gas contains the food with the most sugar.,susan will know which food contains the most sugar by how high the volume tube goes. look at the one with the highest number or highest volume tube.,4,3.728
"the water was evaporated, leaving the salt.",we put the water with the salt in it and put it outside for the water to evaporate.,4,3.947
in the morning the sun is in the east so shadows point west. in the afternoon the sun is in the west so shadows point east.,"the shadow turns the opposite way in the afternoon, in the morning it is on the side of you.",1,1.134
the saxophone has the longest and fattest tube.,because it is the longest and it takes a while for it to make sound.,2,2.288
"the negative terminals of the d-cell batteries are facing each other, so there is no flow of electricity.",because the motors do not have a minus side. they both have a positive side.,3,2.497
"if the string is shorter, the pitch will be higher. if the string is longer, the pitch will be lower.",a short string makes a low note because it has less room to vibrate.,3,3.445
the salt crystals are squares with xs on top.,squares with xs in the middle.,4,3.879
the launch position (line on the playground) is the variable that is controlled.,where they threw.,4,2.362
"the fizzing indicates a gas, a new material, is produced. when a new material is produced, a chemical reaction has occurred.",because it indicates something else is produced.,4,1.758
"the clay particles are lighter or smaller and are therefore carried farther by the water, so the clay particles end up the greatest distance away from the mouth of the river.",very near to the mouth of the river.,3,1.614
sammy's. different materials would make very different sounds. different size wood would make very similar sounds.,sammy - because if it was same blocks just different sizes you would not know which sound it was so makes it harder but with sammy idea they would be different so that is easy so sammy.,4,2.388
a reaction was indicated by the bubbles of gas (a new material) being produced.,because there were more bubbles everyday.,4,3.275
the seed coat protects the seed until the plant begins to grow.,the protection of the seed.,2,2.236
"the brass ring would not stick to the nail because the ring is not iron. the nail is a temporary magnet, but brass cannot become a temporary magnet and thus does not stick to magnets.",it would fall because a brass ring is not made of iron or metal.,4,3.354
the sand particles are larger and settle first. the flour particles are smaller and therefore settle more slowly.,sand and flour separate because sand is heavier than flour.,4,3.241
the salt crystals are squares with xs on top.,they would be a square with a x on it.,4,3.859
the embryo contains the tiny leaves and root of the plant.,embryo grows the leaves.,2,3.678
like poles repel and opposite poles attract.,they are not touching each other because they are repelling.,2,1.953
so people know exactly what the measurement means. a standard is necessary so everyone measures using the same unit and everyone gets the same measurement.,because if you do not use it you may get the wrong answer.,4,2.695
"the water was evaporated, leaving the salt.",the salt dissolved and the water evaporated and the salt went to the bottom.,4,3.504
lee should put one of the loose wires on one part of the object and the other loose wire on another part of the object and see if the object completes the circuit.,put it on something metal or a screw or a desk.,1,1.66
"jim would see a clear solution. 3 spoons of solid dissolves, so 2 spoons will dissolve.",clear with nothing on the bottom. evidence mixture 3 has more and is clear with nothing on the bottom and mix.,4,3.343
if the middle bulb burns out the other 2 bulbs will stay lit.,they will stay light.,4,3.923
fruitsnap contains little or no vitamin c so fruitsnap does not change the color of the indophenol.,because it had no vitamin c.,4,3.911
agree. vibrations are movements. vibrations produce sound.,yes. i think yes because it changes the sound.,2,2.982
earth materials settle out during deposition.,deposition is when earth materials move from one.,4,3.11
a chemical reaction occurred. [the white solid is a precipitate (a new material) which indicates the reaction.],well when you mix the 2 solutions it became a different mixture.,2,1.368
darker colors absorb more heat than lighter colors. the dark green sheeting is the darkest color available so she should use the green sheeting.,because the dark green will absorb the heat.,2,2.531
the particles of the solid are too big to go through the holes in the paper filter.,it stays at the top because it is too big to go through the filter and the water is just a liquid.,4,3.137
yes. black absorbs more heat (energy) than white. white reflects more heat (energy) than black. therefore the black covered box will heat up faster than the white covered box.,yes. the black box will heat up faster than the white because the black box is darker than the white box so the white box reflects the heat and the black box collects the heat.,4,3.685
"both solutions are saturated (as indicated by the material on the bottom) so, even though one cup has more spoonfuls of sugar, both have the same (maximum) concentration.",because both of the cups one and 2 have the same amount of concentrations because they are both saturated.,4,3.449
so that people notice the sound.,so when people in cars are driving it tells them to get out of the way.,4,3.142
the rubber band vibrates.,because it is vibrating.,4,3.999
a heat sink is any material that absorbs (a lot of) heat.,it is a material that decreases heat such as water.,4,2.662
"yes. if both solutions are saturated (and at the same temperature), the solutions will both have the same concentration. once a solution is saturated, the solution cannot get any more concentrated.",yes. they are both saturated which means they are also concentrated.,2,2.902
yes. black absorbs more heat (energy) than white. white reflects more heat (energy) than black. therefore the black covered box will heat up faster than the white covered box.,no. because her data does not have enough information to support her prediction.,3,2.239
the concentrations are the same because both mixtures are saturated.,they are the same amount concentrated because they have the same amount of water and dissolved material.,4,3.448
in the morning the sun is in the east so shadows point west. in the afternoon the sun is in the west so shadows point east.,because the earth run into the sun and made the bus shadow go around.,1,1.321
topaz would be the hardest of the 4 minerals because none of the tools could scratch topaz and at least one tool could scratch each of the other minerals.,"topaz has to have x, y, z as minerals.",1,2.676
"you have to pull up in this system. in the single fixed pulley system, you get a directional advantage.",another disadvantage would be you have to pull more rope to get it where you want it to go.,1,2.022
the particles of the solid are too big to go through the holes in the paper filter.,because water goes through the paper and the salt is not water.,1,1.665
the seed coat protects the seed until the plant begins to grow.,the seed coat hold the seed.,1,2.068
bill must have been using degrees celsius if 28 is a warm temperature.,"nice and warm, about 28 degrees.",1,1.759
the food contains sugar.,this means that there was acid and or sugar in the product.,4,3.455
"the circuit is parallel, so each bulb has its own pathway to the d-cell battery, so the bulbs that do not burn out continue to shine.",it happens because the 2 bulbs in the middle are connected together and they both are hooked to the wires.,1,2.78
the motor will continue to run because the motor still has a pathway to the d-cell.,it will run the same it is a parallel.,4,2.536
"the brass ring would not stick to the nail because the ring is not iron. the nail is a temporary magnet, but brass cannot become a temporary magnet and thus does not stick to magnets.",i think it would stick for a little bit depending on how long you hold the magnet to the nail because the nail becomes a temporary magnet.,3,2.73
earth materials erode and are carried by flowing water (a river). the earth materials form a delta when the materials are dropped off or deposited when the water stops flowing (at the mouth of a river).,a canyon is formed and the water pushes the dirt and other materials into a fan shape.,2,1.76
"jim would see a clear solution. 3 spoons of solid dissolves, so 2 spoons will dissolve.","clear, mixture 3 is clear.",2,3.058
"the shorter the string is, the more the string swings in 15 seconds. the longer the string is, the less the string swings in 15 seconds.",if the string is made shorter it will swing more. if the string is made longer it will swing less.,4,3.867
the circuit is not complete. the electrical pathway is broken.,because it no a circuit.,4,3.69
the circuit is not complete. the electrical pathway is broken.,i picked that one because the line on the left is not hooked to anything.,4,2.784
sammy's. different materials would make very different sounds. different size wood would make very similar sounds.,sammy - sammy got metal stuff.,2,1.994
the contour lines are closest together at q.,because q is moving like a snake and it is hard to go swirl like this.,1,1.408
during a flood there is more water in the creek and the water flows faster.,the difference between a flooded creek and a normal creek is water level and water pressure.,4,2.3
anna should compare the size of the grease spots. the sample with the larger grease spot has more fat.,she will know which one has the most fat is checking the size of the grease spots.,4,3.803
wendy should hook one end of the wire to the negative side of a d-cell battery and the other end to the positive side of the d-cell battery.,she would need a switch then she would turn on the switch she would also need a d-cell.,1,3.425
the rubber band vibrates.,because the 2 parts bump against each other.,3,1.113
"if the key sticks, the key is iron; if the key does not stick the key is aluminum.",if it is iron the key will stick if it is aluminum it would not stick.,4,3.907
"when the string was shorter, the pitch was higher.",which side has more string is a lower pitch. whichever side has more string it has a lower pitch.,4,3.956
"yes. if both solutions are saturated (and at the same temperature), the solutions will both have the same concentration. once a solution is saturated, the solution cannot get any more concentrated.",yes because they both have the same amount of solid.,3,2.879
the crystals have different shapes. salt crystals are square with little xs. the calcite crystals are shaped like needles (long and skinny).,"calcite crystals, salt crystals, acid, vinegar.",1,1.339
yes. black absorbs more heat (energy) than white. white reflects more heat (energy) than black. therefore the black covered box will heat up faster than the white covered box.,yes. yes because light colors will reflect the sun and black or darker colors will absorb the sun and if light or white colors reflect the sun then it will not get as much heat as the black or light colors.,4,2.682
so that people notice the sound.,for the fire drill.,1,1.868
"if the effort is applied farther from the fulcrum, less effort will lift the load.",the farther away the effort is from the fulcrum the greater advantage you get.,4,3.517
"the negative terminals of the d-cell batteries are facing each other, so there is no flow of electricity.",maybe the left wire went out of energy so maybe the right one went out of energy so both of them are out.,1,2.32
"a bigger hole puts more water in the stream. increased flow moves more earth materials, increasing erosion. a steeper slope makes the water flow faster. faster flow moves more earth materials, increasing erosion.",why a bigger hole makes more erosion is because there is more water coming at once. the reason to make the slop steeper is so the water will go much faster.,2,2.494
"both solutions are saturated (as indicated by the material on the bottom) so, even though one cup has more spoonfuls of sugar, both have the same (maximum) concentration.",because both looked alike to me.,2,1.752
"if the string is shorter, the pitch will be higher. if the string is longer, the pitch will be lower.",a shorter string makes a lower pitch and a longer string makes a higher pitch.,3,3.91
"if a part of the plant contains seeds, that part is the fruit.",it nest to have a seed.,4,3.466
"the water was evaporated, leaving the salt.",i put some water in a dish and let the water evaporate so the salt would stay.,4,3.837
the solutions have the same concentration (2 spoons in 50 milliliters is the same as 4 spoons in 100 milliliters) so the mass would also be the same.,i chose this one because in the picture above there is more water in cup b.,1,1.988
elena should include a separate shelter for each lizard.,maybe some shelter or some grass.,4,2.635
"the brass ring would not stick to the nail because the ring is not iron. the nail is a temporary magnet, but brass cannot become a temporary magnet and thus does not stick to magnets.",i do not think it would stick because a brass ring is not made out of iron.,4,2.941
a chemical reaction occurred. [the white solid is a precipitate (a new material) which indicates the reaction.],it was solution and a mixture. it promptly got cold or hot at the bottom.,1,1.464
"as time increases, the number of tree rings also increases.",as time goes on the number of tree rings increases.,4,3.989
like poles repel and opposite poles attract.,they do not touch each other because if you put magnet the magnets like this will not attract north to north. if you put magnets like this it will attract north to south. if you put it like this it will not attract south to south.,4,3.598
so that people notice the sound.,so people can hear it and pull over.,4,3.359
the contour lines are closest together at q.,the contour lines are close together.,2,2.333
earth materials settle out during deposition.,what happens to it is that the deposition goes more far away from the stream table.,1,1.934
the particles of the solid are too big to go through the holes in the paper filter.,the liquid was too big to go through the holes.,2,3.584
anna should compare the size of the grease spots. the sample with the larger grease spot has more fat.,then she will know that walnut or peanuts has more fat.,1,3.014
fruitsnap contains little or no vitamin c so fruitsnap does not change the color of the indophenol.,it did not change color because it has little or no vitamin c.,4,3.979
lee should put one of the loose wires on one part of the object and the other loose wire on another part of the object and see if the object completes the circuit.,lee can test some things on this objects and see if it works.,2,2.442
"you can not tell because we do not know the strength of the magnets. if the magnets are weak, the second piece of foam might put too much distance between the 2 magnets for the interaction to hold the magnets in place. if the magnets are strong the magnets might stay in place.",because the magnets are too far away from each other and they fall.,3,2.251
emily's crystals are the same shape as the alum crystals shown on the key.,"i chose that answer, because the picture look the same.",2,1.206
"yes, aluminum foil is a metal and all metals conduct. the aluminum foil would complete the circuit.","no, because aluminum is just like paper and paper cannot light up things either.",3,2.458
"when 2 variables are changed, it is impossible to determine which variable is causing what effect.",the red does not heat up fast as the blue covered.,1,1.458
c. black absorbs more heat (energy) than white. pan c has the most dark surface area so c would heat up the fastest and have the highest temperature.,c. because it has more black circles.,2,2.432
the saxophone has the longest and fattest tube.,because it is the biggest and it takes longer to make loud sound.,4,2.6
the rubber band vibrates.,it will make a soft sound.,1,1.075
so that people notice the sound.,to let the people know there are trouble so they need to hurry in the traffic.,4,2.959
"no, string is an insulator, so the pathway would not be completed.",you could not do that because the circuit would not make it.,2,2.926
compare prints to see if the patterns are the same.,"the finger texture, shape.",1,1.448
earth materials settle out during deposition.,during deposition earth material settles to the bottom of a river.,4,3.011
the crystals have different shapes. salt crystals are square with little xs. the calcite crystals are shaped like needles (long and skinny).,the calcite can be white and crystals is black.,1,1.326
"when the string was tighter, the pitch was higher.",it was a high pitch when she hit the string when it was not holding down the string it was a lower sound.,4,3.67
the harder coin will scratch the other.,i do not know.,0,0.764
the boat with 0 marbles is the standard in this experiment.,the standard is 0 marbles and 0 the boat sank.,4,3.04
the marbles used by the 2 groups were probably different masses.,the marbles are different.,2,2.099
"the clay particles are lighter or smaller and are therefore carried farther by the water, so the clay particles end up the greatest distance away from the mouth of the river.",the clay is deposited where i indicated because the river has brought the clay in the lake.,1,2.821
greta and andre have different sized hands.,because maybe the hand of greta is too small. and andre's hand is bigger.,4,3.84
a heat sink is any material that absorbs (a lot of) heat.,a heat sink is something that absorbs heat and gives it off slowly.,4,3.692
the embryo contains the tiny leaves and root of the plant.,baby plant.,4,3.531
"if the key sticks, the key is iron; if the key does not stick the key is aluminum.",if the key sticks it is made of iron if it does not it is made of aluminum.,4,3.918
water heats up faster when covered.,the one is that are cover they heat up more sun and it gets hotter.,4,3.777
a solution was created when the eggshells disappeared (dissolved) and the mixture ended up as a clear liquid.,she thinks she made a solution because the eggshell dissolved in the vinegar and bubbled up and turned clear.,4,3.409
c. black absorbs more heat (energy) than white. pan c has the most dark surface area so c would heat up the fastest and have the highest temperature.,"c. because the more the black, the hotter it gets. the less it has, the cooler it gets.",2,2.935
"yes, they could both be correct. solubility is not the same for all materials.",no because no solid that one has more than the other in the same amount of water.,3,3.094
the rubber band vibrates.,because it is making vibration.,4,3.977
susan should compare the amount of gas in each bag. the bag with the most gas contains the food with the most sugar.,"compare the bags to see which bag has more carbon dioxide in it 50, the more carbon dioxide in the bag the more sugar the food has.",4,3.479
darker colors absorb more heat than lighter colors. the dark green sheeting is the darkest color available so she should use the green sheeting.,"i chose it because dark green is darker than yellow, and because the green absorbs heat and yellow reflects.",2,3.223
crystals of different materials have different shapes. so the shape will help identify the material.,he can compare them with other crystals he can make and that will tell him.,1,1.607
"if the string is shorter, the pitch will be higher. if the string is longer, the pitch will be lower.",a short string being plucked is different than the long string being plucked because the long string has the lowest pitch. and the shortest has the highest pitch.,4,3.874
the mirror would complete the image of the object and make the object appear whole.,a heart.,1,1.735
"20 centimeters size is between 10 and 30 centimeters, so the temperature change must be less than the 30 centimeters container, but more than the 10 centimeters container. 6 degrees celsius is halfway between.",i just times it by how it is or just the way it is.,1,1.277
"the harder mineral will leave a scratch on the less hard mineral. if the black mineral is harder, the brown mineral will have a scratch.",if she does scratch one on the other and one gets a mark that you can to rub off. then you know the other one is harder.,4,3.5
"if the motor runs, the object is a conductor.",it will conduct electricity.,1,3.009
"the brass ring would not stick to the nail because the ring is not iron. the nail is a temporary magnet, but brass cannot become a temporary magnet and thus does not stick to magnets.",it would not stick and fall on the ground.,2,2.56
earth materials settle out during deposition.,earth material gets deposited to another place.,4,3.18
the sand particles are larger and settle first. the flour particles are smaller and therefore settle more slowly.,because if you let it sit the sand goes to the bottom and flour goes up.,3,3.45
so that people notice the sound.,so everyone can hear it.,4,3.367
"the harder mineral will leave a scratch on the less hard mineral. if the black mineral is harder, the brown mineral will have a scratch.",first you take the black mineral and rub it against the brown mineral. then see if you can wipe off the mark and if you can the brown one is harder and if you cannot the black one is harder.,4,3.621
the cotyledon provides food for the plant to begin growing.,"it is the leaf, stem, and roots.",1,1.574
"a. dry soil heats more quickly and cools off more quickly than water. the graph shows a heats and cools more quickly than b, so a must be the dry soil.","a. a, because it is hotter than the b and dry soil fast more fast than the water heat.",2,3.067
agree. vibrations are movements. vibrations produce sound.,i agree with her because the object has to vibrate.,4,3.326
"put acid on a rock. if the acid fizzes, phil would know that the rock has calcite.","he should pour the acid on it, then if it has bubbles all over it is calcite.",4,3.419
"no, string is an insulator, so the pathway would not be completed.",no! you need another wire to connection.,2,2.544
"when the string is tighter, the pitch will be higher.",it would be a higher pitch.,4,3.945
yes. black absorbs more heat (energy) than white. white reflects more heat (energy) than black. therefore the black covered box will heat up faster than the white covered box.,yes. i say yes because she will measure each box and she is going to take it cold and hot so one is going to be up and one other is going to go down.,2,2.449
the cotyledon provides food for the plant until the plant can make food for itself.,saves food.,2,1.632
"both solutions are saturated (as indicated by the material on the bottom) so, even though one cup has more spoonfuls of sugar, both have the same (maximum) concentration.","because both are saturated, and if you used 6 spoons for cup 2 both cups are still saturated.",4,3.263
the food contains sugar.,it indicates how much sugar there is.,4,3.736
elena should include a separate shelter for each lizard.,she needs shelter.,4,3.422
"in the afternoon, shadows point east because the sun is in the west. so the west side is opposite of the shadows.",the shadow is point east.,4,1.378
the crystals were square with xs on the surface.,by breaking the rock.,1,1.246
"no, fruity cream cookies are not pure sugar. the cookies did not produce as much gas as was produced by the pure sugar.",no because on the diagram it shows pure sugar is more than fruity cream cookies.,2,2.734
"the water was evaporated, leaving the salt.",the water dried up and left the salt.,4,3.231
wendy should hook one end of the wire to the negative side of a d-cell battery and the other end to the positive side of the d-cell battery.,she should hook it to a d-cell.,4,3.064
"when the string was shorter, the pitch was higher.",and the shorter the string also the higher pitch it makes.,4,3.968
"if the key sticks, the key is iron; if the key does not stick the key is aluminum.",if the magnet attracts or not.,2,1.795
greta and andre have different sized hands.,hands are not standard units.,4,1.613
a. the water in julie's heater got hotter faster (or had a greater temperature change in 20 minutes). the collector in heater a has the greater surface area so the water in a would get hotter faster than the water in b.,a. well the more area black covers the hotter it will get. just like in the table. since a covers more i thought that a would be a perfect match with the table.,4,3.775
"you can not tell because we do not know the strength of the magnets. if the magnets are weak, the second piece of foam might put too much distance between the 2 magnets for the interaction to hold the magnets in place. if the magnets are strong the magnets might stay in place.",i chose that answer because the foam blocks are too thick for the magnet to attract each other.,3,2.52
set up evaporation dishes. the water will go into the air (evaporate) and the solid will be left in the dish (crystallize).,it could evaporate the water from the salt. the solid crystallized and the water turned into a gas called water vapor.,2,3.028
anna should compare the size of the grease spots. the sample with the larger grease spot has more fat.,you get grid paper and put it on the grease spot and count the square in the grease spot.,4,3.31
there is 30 grams (20 grams plus 10 grams) in the right cup. the balance is tipped down on the ball side which means the ball weighs more than 30 grams. 40 grams is the only weight heavier than 30 grams.,because 30 grams and 20 grams is much big.,2,2.082
so that people notice the sound.,so people know to move.,4,3.272
"when less than 3 scoops of fertilizer are used, the more fertilizer used, the greater the mass of beans harvested. when more than 3 scoops of fertilizer are used, the more fertilizer used, the less the mass of beans harvested.",the higher the scoops the more but just 3 and down.,2,2.475
use a standard unit of measurement such as centimeters or meters.,she could use measuring tape and see how much is it.,4,2.711
"both solutions are saturated (as indicated by the material on the bottom) so, even though one cup has more spoonfuls of sugar, both have the same (maximum) concentration.",i chose cup 2 because it has more solute in it.,3,2.739
use a standard unit of mass like grams.,they should use a standard unit.,4,3.449
water will always flow downhill (mountain to valley).,because it flows down from the mountains.,2,2.73
crystals of different materials have different shapes. so the shape will help identify the material.,he could check the crystals with a magnifying glass.,1,1.262
the circuit is not complete. the electrical pathway is broken.,i chose no because it is not a complete circuit.,4,3.978
overly orange takes fewer drops to change the color of indophenol so overly orange has a higher concentration of vitamin c.,overly contains a higher amount of vitamin c in it because it took less indophenol to turn the colored juice clear.,2,3.795
greta and andre have different sized hands.,because one of their hands are different sizes.,4,3.871
"if the motor runs, the object is a conductor.",he will know that if the motor runs.,4,3.878
"a. dry soil heats more quickly and cools off more quickly than water. the graph shows a heats and cools more quickly than b, so a must be the dry soil.",a. the graph helped me because the dry soil gets hot. the one that gets hot between water and dry soil is dry soil. the soil gets hotter because it absorbs more heat.,2,2.989
"no, fruity cream cookies are not pure sugar. the cookies did not produce as much gas as was produced by the pure sugar.","no, fruity cream cookies have 150 milliliters of carbon dioxide and pure sugar has 200 milliliters carbon dioxide.",4,2.863
"no, fruity cream cookies are not pure sugar. the cookies did not produce as much gas as was produced by the pure sugar.","no, because with pure sugar is higher than 200 milliliters and fruity cream cookies is 150 milliliters.",4,3.327
like poles repel and opposite poles attract.,the rings do not touch each other because the magnets are facing positive to negative.,3,1.476
a standard is used for comparison to determine how changing one variable changes the results.,"you use a standard because without a standard, you can change it.",2,3.088
an experiment is controlled if only one variable is changed at a time.,a variable is a controlled experiment.,2,3.669
the sand particles are larger and settle first. the flour particles are smaller and therefore settle more slowly.,it separated because the sand sank below the flour and the flour stayed on top.,2,2.993
rub the minerals together and see which one scratches the other.,by rubbing them together and touching them.,2,2.439
the circuit is not complete. the electrical pathway is broken.,i chose no because the circuit is not closed.,4,3.876
"a bigger hole puts more water in the stream. increased flow moves more earth materials, increasing erosion. a steeper slope makes the water flow faster. faster flow moves more earth materials, increasing erosion.",because we did not experiment like that and it worked it did the same thing we marked.,1,1.252
"when a paperclip sticks to a magnet, the paperclip turns into a temporary magnet, so the paperclip can stick to other paperclips and other things made of iron.",because if the magnet touches the one paperclip became a temporary magnet and when another paperclip hooked that other paperclip worked like a magnet.,4,3.396
earth materials settle out during deposition.,earth materials are washed away and settled to the bottom.,4,2.907
the boat with 0 marbles is the standard in this experiment.,how many pennies boat sank.,1,1.599
a. the water in julie's heater got hotter faster (or had a greater temperature change in 20 minutes). the collector in heater a has the greater surface area so the water in a would get hotter faster than the water in b.,a. i choose a because it heated up faster and was spread out so it heated up faster.,4,3.705
"both solutions are saturated (as indicated by the material on the bottom) so, even though one cup has more spoonfuls of sugar, both have the same (maximum) concentration.",i picked c because cup 2 has more solute than cup one.,3,2.751
set up evaporation dishes. the water will go into the air (evaporate) and the solid will be left in the dish (crystallize).,evaporate the water so there is just the solid.,2,3.131
"the circuit does not include both contact points on the bulb holder, so the electricity can not go through the bulb.",there is not 2 wires for each little clip. there needs to be one coming from one clip and another coming from the other clip.,4,2.494
"the dissolved salt particles are small enough to go through the holes in the filter paper, but the sand particles are too large.",because the sand is thicker than the water. water is smooth.,1,1.491
the black areas in the 2 collectors (and the collectors themselves) are the same size. the amount of heat absorbed will be the same so the temperature change will also be the same.,because they both have the same amount of water.,1,2.813
there is 30 grams (20 grams plus 10 grams) in the right cup. the balance is tipped down on the ball side which means the ball weighs more than 30 grams. 40 grams is the only weight heavier than 30 grams.,he can use is volume because he can use it.,1,1.516
"x. when equal amounts of 2 solutions are compared, the solution that is more concentrated will have the greater mass (weigh more). 50 milliliters of x has a greater mass than 50 milliliters of y, so x must be more concentrated.","x, well concentration is when you compare equal amount of volume of 2 solutions and one heavier it is more concentrated so that is how i know.",4,2.708
so people know exactly what the measurement means. a standard is necessary so everyone measures using the same unit and everyone gets the same measurement.,so you get correct measurements.,4,3.18
"when 2 variables are changed, it is impossible to determine which variable is causing what effect.",because red uncovered is smaller than the blue covered heater.,1,1.866
"the fizzing indicates a gas, a new material, is produced. when a new material is produced, a chemical reaction has occurred.",because when it does that you know that you have made gasses and gasses are made when chemical reactions occur.,4,3.387
"when 2 variables are changed, it is impossible to determine which variable is causing what effect.",because the red uncovered get colder and the blue get hotter.,1,1.818
"yes, aluminum foil is a metal and all metals conduct. the aluminum foil would complete the circuit.",yes because aluminum is a type of metal.,4,3.055
lee should put one of the loose wires on one part of the object and the other loose wire on another part of the object and see if the object completes the circuit.,he can use the circuit by touching the wires to the object.,4,1.826
"the shorter the string is, the more the string swings in 15 seconds. the longer the string is, the less the string swings in 15 seconds.","if the swinger is smaller it will swing faster if it was longer it will swing slower, if it is really really long it will only swing 5 times.",4,3.477
"the circuit is parallel, so each bulb has its own pathway to the d-cell battery, so the bulbs that do not burn out continue to shine.",it happens because it is a parallel circuit.,4,3.776
yes. black absorbs more heat (energy) than white. white reflects more heat (energy) than black. therefore the black covered box will heat up faster than the white covered box.,yes. black is hotter than the white box because black gets hotter fast.,2,2.968
"if the string is shorter, the pitch will be higher. if the string is longer, the pitch will be lower.",the short string will be high and the long string will be low.,4,3.943
"no, string is an insulator, so the pathway would not be completed.","no, because the electricity cannot flow through the yarn.",4,2.769
agree. vibrations are movements. vibrations produce sound.,i do agree it has to vibrate to make sound and vibrating is considered moving.,4,3.838
earth materials settle out during deposition.,the earth explains the and it will but it will explode.,1,2.204
she recommended the topographic map because the map shows the elevations along the trail. pam would know where the trail was the steepest.,pam's friend recommended the topographic map because it shows the elevation of the mountain they are hiking.,2,3.126
"yes, aluminum foil is a metal and all metals conduct. the aluminum foil would complete the circuit.",yes you can because it does have metal in it.,4,3.099
"when a paperclip sticks to a magnet, the paperclip turns into a temporary magnet, so the paperclip can stick to other paperclips and other things made of iron.",the magnetic force flows through all the paperclips.,2,1.768
she recommended the topographic map because the map shows the elevations along the trail. pam would know where the trail was the steepest.,because it shows where rivers and lakes are. and it shows mountains and elevation.,2,2.671
no. only one circuit can be complete at a time.,yes. she could put 2 wires on the switch to the other wires.,3,2.81
the rubber band vibrates.,it moves fast enough to make a sound.,4,1.12
both finger patterns are loops.,the both finer patterns are loop.,4,3.891
sammy's. different materials would make very different sounds. different size wood would make very similar sounds.,sammy - because you need difference thing.,2,2.021
fabric a is smoother and has a finer texture. fabric b is rougher and has a coarser texture.,a. might be soft b. might be a little bumpy.,4,1.591
yes. black absorbs more heat (energy) than white. white reflects more heat (energy) than black. therefore the black covered box will heat up faster than the white covered box.,yes. it will support amber's prediction because black is covered and it attracts more solar heat.,2,2.433
a solution is a mixture formed when a solid dissolves in a liquid.,because one of the chemicals dissolves.,1,1.986
fabric a is smoother and has a finer texture. fabric b is rougher and has a coarser texture.,the a one is kind of bluer and it must have been smooth because it does not have any bumps. b you could see it was bumpy.,2,2.265
the elytra are used to make sounds.,to make noise.,4,2.885
a standard is used for comparison to determine how changing one variable changes the results.,because you can compare the results.,2,2.334
sammy's. different materials would make very different sounds. different size wood would make very similar sounds.,sammy - because it is different material and it is easier and it is easier because if it was nathaniel's it would be harder because it is the same material and it all sounds alike.,2,2.767
the harder coin will scratch the other.,she would scratch the rocks together the one that scratches is softer.,4,3.384
during a flood there is more water in the creek and the water flows faster.,a flood will make the creek overflow faster and will make more damage.,4,3.173
"yes. if both solutions are saturated (and at the same temperature), the solutions will both have the same concentration. once a solution is saturated, the solution cannot get any more concentrated.",yes because if you take out a certain amount of water out of each of them and weigh them and they will weigh the same.,2,2.783
the solid dissolves (seems to disappear) and the liquid remains clear.,it is when you cannot see the solid from the liquid.,4,2.369
"the negative terminals of the d-cell batteries are facing each other, so there is no flow of electricity.",the motors will not run because the d-cells has to be switched around.,2,1.476
earth materials erode and are carried by flowing water (a river). the earth materials form a delta when the materials are dropped off or deposited when the water stops flowing (at the mouth of a river).,deltas form by rivers flowing and pushing sediment to the side.,2,2.068
"the clay particles are lighter or smaller and are therefore carried farther by the water, so the clay particles end up the greatest distance away from the mouth of the river.",because sand is heavier and since the sand is heavier it would go down from clay and there is a bigger amount of sand too.,2,3.411
the particles of the solid are too big to go through the holes in the paper filter.,the solid is hard. it cannot go through because it is not a liquid.,2,2.01
the salt crystals are squares with xs on top.,looks like salt that has fizz on in it.,1,1.623
the embryo contains the tiny leaves and root of the plant.,the embryo is the part of the plant that grows.,4,3.575
the crystals are the same shape as the alum crystals.,i chose this answer because i remember what type it is because i remembered.,0,1.169
darker colors absorb more heat than lighter colors. the dark green sheeting is the darkest color available so she should use the green sheeting.,i pick b because i think it is ok alright.,2,1.855
the harder coin will scratch the other.,she can scratch it and see which one scratch the rock or mineral.,2,3.267
"you can not tell because we do not know the strength of the magnets. if the magnets are weak, the second piece of foam might put too much distance between the 2 magnets for the interaction to hold the magnets in place. if the magnets are strong the magnets might stay in place.",in example a the magnets stuck. but example b it has 2 blocks and it does not matter if it is thick or thin.,3,2.273
topaz would be the hardest of the 4 minerals because none of the tools could scratch topaz and at least one tool could scratch each of the other minerals.,it is harder than all of the other minerals because it cannot get scratched by none of the scratching materials and all the other minerals can get scratched at least one time.,4,3.696
the boat with 0 marbles is the standard in this experiment.,the standard is the first lifeboat he made.,2,1.856
"when the string was shorter, the pitch was higher.",when kate shortened the string that string would have a higher pitch.,4,3.755
the launch position (line on the playground) is the variable that is controlled.,where they threw the ball.,4,2.892
"the more blocks the truck carries, the less distance the truck travels in 10 seconds.",it goes up each one.,3,2.791
"the water was evaporated, leaving the salt.",by pouring the water into the salt.,1,2.366
during a flood there is more water in the creek and the water flows faster.,the water in the creek during a flood is more capped than a normal molten. during a flood the water runs through more quickly and picks up earth materials in deposition first and takes them further. also erosion happen more quickly.,2,2.682
fruitsnap contains little or no vitamin c so fruitsnap does not change the color of the indophenol.,the indophenol did not change colors because fruitsnap does not have a high concentration of acid.,1,3.179
compare prints to see if the patterns are the same.,you would be able to try the print.,1,2.337
the launch position (line on the playground) is the variable that is controlled.,where you throw the ball from.,4,2.235
anna should compare the size of the grease spots. the sample with the larger grease spot has more fat.,she can tell by how big each grease spot is so if walnuts had more fat it would have a bigger grease spot.,4,3.653
a car is made of a lot of iron or steel.,the car is made of iron or steel.,4,3.864
a heat sink is any material that absorbs (a lot of) heat.,a heat sink is something that takes water to absorb.,2,3.507
the seed coat protects the seed until the plant begins to grow.,protect the seed.,2,2.284
"when the string is longer, the pitch will be lower.",it would be lower.,4,3.786
a. the water in julie's heater got hotter faster (or had a greater temperature change in 20 minutes). the collector in heater a has the greater surface area so the water in a would get hotter faster than the water in b.,both. they are both have the same centimeters but a is down and b is up so a and b are the same but different.,3,3.665
the crystals are the same shape as the alum crystals.,i see the same picture or shape.,2,2.245
an experiment is controlled if only one variable is changed at a time.,to do one at a time.,2,1.876
so that people notice the sound.,so people would move if it was an emergency.,4,3.112
the cotyledon provides food for the plant until the plant can make food for itself.,provide food.,2,2.752
the water splashed because the fork was vibrating. vibrations make sounds.,volume - it got louder. when it splashed it got a kind of noise - quiet noise.,1,1.418
set up evaporation dishes. the water will go into the air (evaporate) and the solid will be left in the dish (crystallize).,"first he could take a wet filter paper, put a clear cup with nothing in it underneath it, then pour the solution through the filter paper.",1,1.745
the embryo contains the tiny leaves and root of the plant.,the baby plant.,4,3.233
crystals of different materials have different shapes. so the shape will help identify the material.,how the crystals were shaped and how they looked.,4,1.883
"the shorter the string is, the more the string swings in 15 seconds. the longer the string is, the less the string swings in 15 seconds.",the longer the string the less swings the shorter the more swings.,4,3.971
the salt crystals are squares with xs on top.,the salt crystal is a square shape with a x in the middle.,4,3.685
she recommended the topographic map because the map shows the elevations along the trail. pam would know where the trail was the steepest.,"they recommended it so they could see the steep parts, they are route, elevation, and shape.",4,2.979
the solid dissolves (seems to disappear) and the liquid remains clear.,"the solid seems to disappear, or dissolve.",2,3.668
"the brass ring would not stick to the nail because the ring is not iron. the nail is a temporary magnet, but brass cannot become a temporary magnet and thus does not stick to magnets.",it would not stick because it did not have iron in it.,4,3.847
darker colors absorb more heat than lighter colors. the dark green sheeting is the darkest color available so she should use the green sheeting.,"because dark colors absorb the heat, and light colors do not. they reflect them.",2,2.706
the crystals were square with xs on the surface.,because we looked in the magnifying glass.,1,1.081
the solid dissolves (seems to disappear) and the liquid remains clear.,because it turns clear. it bubbles.,2,2.074
bill must have been using degrees celsius if 28 is a warm temperature.,28 celsius.,4,3.757
"yes, aluminum foil is a metal and all metals conduct. the aluminum foil would complete the circuit.",yes you can because it has metal conductors have to have metal in them to work.,4,2.887
like poles repel and opposite poles attract.,the rings are not touch each other because they are not facing the right way.,1,1.712
a heat sink is any material that absorbs (a lot of) heat.,it is an earth material that absorbs energy slowly and releases it slowly.,3,3.2
the saxophone has the longest and fattest tube.,because it is the shortest one and it do not have that much time to come up.,3,2.626
"when a paperclip sticks to a magnet, the paperclip turns into a temporary magnet, so the paperclip can stick to other paperclips and other things made of iron.",the magnetism force flows through the paperclips.,2,1.947
the cotyledon provides food for the plant until the plant can make food for itself.,feeds the seed.,4,2.523
both finger patterns are loops.,both loops.,4,3.197
"the shorter the string is, the more the string swings in 15 seconds. the longer the string is, the less the string swings in 15 seconds.",the longer the string the less swings the shorter the string the more swings.,4,3.984
"if the key sticks, the key is iron; if the key does not stick the key is aluminum.",if it is iron it will stick.,4,3.738
the loops begin at opposite sides of the print.,they are both facing a different direction.,2,2.444
seeing multiple colors would show that vinegar can separate the permanent ink.,if she sees different colored pigments.,4,2.902
"as time increases, the number of tree rings also increases.",the graph tells you over time how many rings are in the tree.,2,2.165
"when a paperclip sticks to a magnet, the paperclip turns into a temporary magnet, so the paperclip can stick to other paperclips and other things made of iron.",they could pick up paperclips because the magnetism went through the paperclips.,2,2.796
different girls are throwing the balls. the girls use different launch techniques. each girl uses a different type of ball.,how they start and what ball they use.,4,2.749
the sand particles are larger and settle first. the flour particles are smaller and therefore settle more slowly.,the sand is the heaviest one because it is more heavier than the flour.,2,3.49
rub the minerals together and see which one scratches the other.,scratch one against the other.,4,3.667
shadows change during the day because the earth is turning. the sun stays in one place.,because the earth rotate. and the sun moves to another way.,3,3.117
anna should compare the size of the grease spots. the sample with the larger grease spot has more fat.,anna will know which food has more fat by the grease spots on the brown paper.,4,3.297
the food contains sugar.,that it has a lot of acid and sugar.,4,3.233
during a flood there is more water in the creek and the water flows faster.,it flows faster because of the water current pushing the other one.,2,2.623
water will always flow downhill (mountain to valley).,it flows in that direction because the water is going high land to low land.,4,2.657
the saxophone has the longest and fattest tube.,because it is a horn that make like the mm.,1,1.798
"when 2 variables are changed, it is impossible to determine which variable is causing what effect.",because both of them are different one is uncovered and another is covered.,2,2.24
sammy's. different materials would make very different sounds. different size wood would make very similar sounds.,"sammy - because metal, wood and plastic make different sounds.",2,2.024
"if the effort is applied farther from the fulcrum, less effort will lift the load.",it takes more effort the farther away the load is from the fulcrum.,3,3.713
"if the motor runs, the object is a conductor.",it will run.,4,3.543
fabric a is smoother and has a finer texture. fabric b is rougher and has a coarser texture.,b has some rough and a is not that rough and a is smooth. and b is darker then a.,4,2.867
"if gas (carbon dioxide) is produced, the food contains acid. if no gas is produced, the food does not contain acid.","it would tell her that how much acid is in lemon, lime, or tangerine.",2,2.224
solar water heaters with blue collectors heat up faster than solar water heaters with red collectors.,the blue covered got hotter and in the same amount of time than the red.,4,3.676
you can see how much time is taken for the earth materials to move.,"you cannot see in the maps, the time where the things happen.",2,2.579
bubbling means a gas has formed. gas is a new material. a new material indicates a reaction.,he knew because a change occurred and it made a gas.,4,2.6
"the clay particles are lighter or smaller and are therefore carried farther by the water, so the clay particles end up the greatest distance away from the mouth of the river.",the clay is there because it has lighter and smaller particles which makes it float to the top.,4,3.195
"you have to pull up in this system. in the single fixed pulley system, you get a directional advantage.",the system is single movable system but the single fixed is easier to pull down.,1,3.315
wendy should hook one end of the wire to the negative side of a d-cell battery and the other end to the positive side of the d-cell battery.,"hook the wire to a d-cell. get a switch and another wire hook that wire to the switch. get something made of metal. press the top of the nail to the metal thing, they should stick.",2,3.561
"the harder mineral will leave a scratch on the less hard mineral. if the black mineral is harder, the brown mineral will have a scratch.",the harder will leave a scratch on the less hard mineral.,4,3.831
a chemical reaction occurred. [the white solid is a precipitate (a new material) which indicates the reaction.],we kept on glassing because it become clear.,1,1.069
all variables except the girl need to be held constant (controlled). the girls all need to throw the same ball and use the same launch technique.,"the girls needed to change each variable at a time, like starting at the same position, all 3 of them, and the mass of the balls.",2,2.812
the cotyledon provides food for the plant to begin growing.,place that stores food for it.,2,2.517
the cotyledon provides food for the plant until the plant can make food for itself.,the cotyledon gives food to the plant until it grows roots.,4,3.462
diva needs to know how much gas pure sugar produced in order to decide whether the cookies are pure sugar. diva needs to make a controlled experiment.,to see what has more sugar than fruity cream cookies.,1,2.011
"the dissolved salt particles are small enough to go through the holes in the filter paper, but the sand particles are too large.",because he put water in it so the salt dissolved with the water and ran right through.,2,2.762
there is a complete circuit connecting the motor to the d-cell battery.,that will happen because the most energy will flow through the motor because the motor is on the right.,4,3.462
the marbles used by the 2 groups were probably different masses.,bee's groups maybe had bigger marbles then the other group.,4,3.193
earth materials settle out during deposition.,the materials like burst away.,3,1.966
"the circuit does not include both contact points on the bulb holder, so the electricity can not go through the bulb.",because the motor got all the power.,1,1.212
topaz would be the hardest of the 4 minerals because none of the tools could scratch topaz and at least one tool could scratch each of the other minerals.,it is the hardest because it cannot be scratched by any of them and the others can be scratched with at least one of the minerals.,4,3.801
measure out equal masses of walnuts and peanuts. smash the samples uniformly in the same size area on brown paper. wait the same time for each sample.,you could check on the back of the bag that sees which one have more grease.,1,1.386
wendy should hook one end of the wire to the negative side of a d-cell battery and the other end to the positive side of the d-cell battery.,connect one of the tips of the long wire to the switch. connect the other long end of the wire to the d-cell and connect the short wire to the d-cell and the switch.,4,3.687
wendy should hook one end of the wire to the negative side of a d-cell battery and the other end to the positive side of the d-cell battery.,she should hook the extra wire from the wrapping part and connect the wires to the switch and d-cell battery. then stick a short wire to connect the d-cell and switch.,2,3.848
bubbling means a gas has formed. gas is a new material. a new material indicates a reaction.,"jorge knew a chemical reaction occurred, because the mixture began to bubble.",2,2.343
"if the key sticks, the key is iron; if the key does not stick the key is aluminum.",i will stick or not stick.,2,2.115
water will always flow downhill (mountain to valley).,the river gets the water from the mountain and takes it to happy valley.,2,2.266
the embryo contains the tiny leaves and root of the plant.,the embryo is the root or stem.,2,3.129
agree. vibrations are movements. vibrations produce sound.,no because desks do not move.,3,2.547
"a bigger hole puts more water in the stream. increased flow moves more earth materials, increasing erosion. a steeper slope makes the water flow faster. faster flow moves more earth materials, increasing erosion.",i chose source with a bigger hole and make the slope steeper because the hole would make the water come out more with water to make slope steeper because so the water will get more speed and to make more erosion.,4,3.05
the contour lines are closest together at q.,s because it is closer together.,3,2.789
there is 30 grams (20 grams plus 10 grams) in the right cup. the balance is tipped down on the ball side which means the ball weighs more than 30 grams. 40 grams is the only weight heavier than 30 grams.,i put answer b because 20 plus 10 equals 30.,3,2.1
"when the string is longer, the pitch will be lower.",it will shake and make sound.,1,1.219
shadows change during the day because the earth is turning. the sun stays in one place.,it would best show it because the earth always rotates around the sun.,1,3.111
if the middle bulb burns out the other 2 bulbs will stay lit.,they will all cut off.,3,3.776
"jim would see a clear solution. 3 spoons of solid dissolves, so 2 spoons will dissolve.",mixture 2 maybe clear with nothing on the bottom.,2,2.7
a reaction was indicated by the bubbles of gas (a new material) being produced.,she made a reaction because it started to bubble after a while.,4,3.763
"a. dry soil heats more quickly and cools off more quickly than water. the graph shows a heats and cools more quickly than b, so a must be the dry soil.",a. because of 20 number it helps by the line.,2,2.3
"no, string is an insulator, so the pathway would not be completed.","no, it has to be a wire to connect. the wire has things in it to connect it.",2,2.922
the food contains sugar.,it indicates there is sugar in the food.,4,3.953
water heats up faster when covered.,the covered one get hotter than the uncovered ones.,4,3.683
sammy's. different materials would make very different sounds. different size wood would make very similar sounds.,nathaniel - because it is wood.,3,2.451
the solid dissolves (seems to disappear) and the liquid remains clear.,i know that because it is mixed up because it is not clear anymore.,3,2.708
seeing multiple colors would show that vinegar can separate the permanent ink.,to do chromatography test.,1,1.212
all variables except the girl need to be held constant (controlled). the girls all need to throw the same ball and use the same launch technique.,to make the contest a controlled experiment the girls need to take the same amount of steps.,2,2.352
so that people notice the sound.,to warn people.,4,2.931
anna should compare the size of the grease spots. the sample with the larger grease spot has more fat.,lay the crushed walnuts and peanuts on brown paper.,1,1.807
"yes, aluminum foil is a metal and all metals conduct. the aluminum foil would complete the circuit.",yes because it is a conductor.,4,3.211
set up evaporation dishes. the water will go into the air (evaporate) and the solid will be left in the dish (crystallize).,he can evaporate mixture one. the water would become a gas and some kind of crystal would be left.,2,2.739
both finger patterns are loops.,they are both loops.,4,3.999
elena should include a separate shelter for each lizard.,a structure for the next lizard.,4,2.066
anna should compare the size of the grease spots. the sample with the larger grease spot has more fat.,whichever one has more oil spread out on the paper towel has the most fat.,4,2.972
greta and andre have different sized hands.,maybe because one of their hands are bigger one of their hands are smaller.,4,3.883
the crystals were square with xs on the surface.,it said so on a paper.,1,1.594
in the morning the sun is in the east so shadows point west. in the afternoon the sun is in the west so shadows point east.,because the sun orbits the earth and it goes from east to west and it gets shorter.,2,1.584
"put acid on a rock. if the acid fizzes, phil would know that the rock has calcite.",that what calcite to when it is in vinegar.,2,2.469
many tiny bubbles will rise from the calcite when the calcite contacts the cold acid.,i would describe what the rocks color is and what the mass if it is a mineral or not.,1,1.243
"if the effort is applied farther from the fulcrum, less effort will lift the load.",the further away the effort is from the fulcrum the easier it is to pull.,4,3.655
diva needs to know how much gas pure sugar produced in order to decide whether the cookies are pure sugar. diva needs to make a controlled experiment.,"she needed to test the pure sugar because she needed a controlled variable because if she did not, she would not know how much sugar is in sugar and she cannot compare the cookies and the sugar.",4,3.33
you can see how much time is taken for the earth materials to move.,the information that you do get is what happens and what form.,1,1.744
the black areas in the 2 collectors (and the collectors themselves) are the same size. the amount of heat absorbed will be the same so the temperature change will also be the same.,it would be the same because they both have the same amount of water and they are the same size.,4,3.271
the circuit is not complete. the electrical pathway is broken.,it will not work because you have to have a battery or it will not work.,1,3.046
the harder coin will scratch the other.,she could tell which is harder by getting a rock and seeing if the penny or nickel would scratch it. whichever one does is harder.,2,3.477
you can see how much time is taken for the earth materials to move.,what you get from the logs are the times.,2,2.073
"yes. if both solutions are saturated (and at the same temperature), the solutions will both have the same concentration. once a solution is saturated, the solution cannot get any more concentrated.","yes, because if you get the same amount of water from each then weighed it they would measure up to the same amount.",2,2.818
so that people notice the sound.,to let the people and people in trouble to know.,4,2.945
water heats up faster when covered.,it tells me because they are air in different position. and they are more longer than covered.,1,2.15
a car is made of a lot of iron or steel.,it could trigger them by if everyone is gone.,1,1.288
the solid dissolves (seems to disappear) and the liquid remains clear.,you know when the solid is dissolved.,2,2.643
fruitsnap contains little or no vitamin c so fruitsnap does not change the color of the indophenol.,because fruitsnap does not have any vitamin c.,4,3.875
the crystals were square with xs on the surface.,the teacher told us.,0,1.181
susan should compare the amount of gas in each bag. the bag with the most gas contains the food with the most sugar.,whichever one has the most carbon dioxide in the baggy has the most carbohydrates.,4,3.485
solar water heaters with blue collectors heat up faster than solar water heaters with red collectors.,blue will get hotter because it is a dark color and red is not.,4,3.758
compare prints to see if the patterns are the same.,they have the same curves and shapes.,2,2.762
the mixtures are all clear.,maybe it could change to him and have something die.,1,1.623
there is a complete circuit connecting the motor to the d-cell battery.,because the d-cell is not in the middle.,1,2.207
the contour lines are closest together at q.,because the elevation increases and does not decrease.,1,1.895
the cotyledon provides food for the plant to begin growing.,a storage.,2,1.292
"if gas (carbon dioxide) is produced, the food contains acid. if no gas is produced, the food does not contain acid.","if the vinegar made the baking soda react it would shoot carbon dioxide into the pusher, then she needs to write down how many milliliters of carbon dioxide there is.",2,2.668
the saxophone has the longest and fattest tube.,because if it is large then it makes a lower sound.,4,2.378
a solution is a mixture formed when a solid dissolves in a liquid.,the solid must dissolve.,4,2.678
diva needs to know how much gas pure sugar produced in order to decide whether the cookies are pure sugar. diva needs to make a controlled experiment.,to compare pure sugar and fruity cream cookies.,2,1.624
crystals of different materials have different shapes. so the shape will help identify the material.,he could see what solid used and he will find out what it is.,1,1.687
there is a complete circuit connecting the motor to the d-cell battery.,the switch will be off.,1,1.807
use a standard unit of measurement such as centimeters or meters.,they could use a standard unit to measure the rug.,4,3.84
topaz would be the hardest of the 4 minerals because none of the tools could scratch topaz and at least one tool could scratch each of the other minerals.,it would be the hardest because none of the tools could scratch it.,4,3.711
the rubber band vibrates.,because of the vibration.,4,3.967
"when the string was tighter, the pitch was higher.",the string makes a low pitch.,3,3.705
fabric a is smoother and has a finer texture. fabric b is rougher and has a coarser texture.,the b it shows be rubbing when we color.,1,1.178
a chemical reaction occurred. [the white solid is a precipitate (a new material) which indicates the reaction.],that the white solid is c.,1,1.981
if the middle bulb burns out the other 2 bulbs will stay lit.,they will stay light.,4,3.923
the crystals were square with xs on the surface.,because we learned it because it was white that is how we knew.,1,1.122
"in the afternoon, shadows point east because the sun is in the west. so the west side is opposite of the shadows.","i knew which direction was west because in class, i learned that no matter what way you are facing, west is always on the left side.",1,2.037
both finger patterns are loops.,patterns below then.,1,1.592
"as time increases, the number of tree rings also increases.",they are both are increasing.,4,2.874
"the negative terminals of the d-cell batteries are facing each other, so there is no flow of electricity.",it needs to be negative to positive.,4,2.744
diva needs to know how much gas pure sugar produced in order to decide whether the cookies are pure sugar. diva needs to make a controlled experiment.,"tube, warm water 50 milliliters, 40 to 50 bag syringe, yeast, tube, testing food, measuring utensils.",1,1.405
"20 centimeters size is between 10 and 30 centimeters, so the temperature change must be less than the 30 centimeters container, but more than the 10 centimeters container. 6 degrees celsius is halfway between.",because x 10 minute with 2 y.,1,1.321
the launch position (line on the playground) is the variable that is controlled.,the line.,4,3.671
"when the string was tighter, the pitch was higher.",lower because if you pull on the string it is lower.,3,3.603
the salt crystals are squares with xs on top.,the salt has the letter x.,2,2.683
overly orange takes fewer drops to change the color of indophenol so overly orange has a higher concentration of vitamin c.,"overly orange, oo, has more because it has less drops. luscious lemon does not have as much as oo because of the drops.",4,3.402
"the clay particles are lighter or smaller and are therefore carried farther by the water, so the clay particles end up the greatest distance away from the mouth of the river.",the clay is deposited where i indicated it because it is heaviest so it will not go as far.,3,3.012
a solution was created when the eggshells disappeared (dissolved) and the mixture ended up as a clear liquid.,grace thinks she made a solution because first she put eggshells into a cup and covered them up with vinegar and then small bubbles appeared on the surface of the eggshell and a couple of days the eggshells were gone and the liquid was clear.,4,3.385
so that people notice the sound.,because high pitch is louder. so everyone can hear it because there is a fire.,4,2.989
a reaction was indicated by the bubbles of gas (a new material) being produced.,because it bubbled.,4,3.814
fabric a is smoother and has a finer texture. fabric b is rougher and has a coarser texture.,they are bumpy.,1,1.256
the elytra are used to make sounds.,their soft body.,1,1.2
"when a paperclip sticks to a magnet, the paperclip turns into a temporary magnet, so the paperclip can stick to other paperclips and other things made of iron.",the force went through the paperclips so that made it able to pick up all those paperclips.,2,2.774
she recommended the topographic map because the map shows the elevations along the trail. pam would know where the trail was the steepest.,so you know what part of the mountain is the easiest part to climb and it has more details.,1,1.868
"yes, aluminum foil is a metal and all metals conduct. the aluminum foil would complete the circuit.",yes it is metal.,4,3.145
the tree blocks the light from the sun.,the tree is an object blocking the sun so it has a shadow.,4,2.338
darker colors absorb more heat than lighter colors. the dark green sheeting is the darkest color available so she should use the green sheeting.,the green is almost like black and the darker the sheeting is its color attracts the sun and heats up the pool.,4,2.587
the launch position (line on the playground) is the variable that is controlled.,that they all threw their ball at the same place.,4,2.806
"when a paperclip sticks to a magnet, the paperclip turns into a temporary magnet, so the paperclip can stick to other paperclips and other things made of iron.",the magnetism goes through the paperclip.,2,2.05
you can see how much time is taken for the earth materials to move.,the time it happens.,2,2.127
the crystals have different shapes. salt crystals are square with little xs. the calcite crystals are shaped like needles (long and skinny).,the calcite crystals were lines and the salt crystals were pyramids and squares.,4,2.321
the rubber band vibrates.,a rhythm.,1,1.397
the salt crystals are squares with xs on top.,they were squares with xs.,4,3.797
lee should put one of the loose wires on one part of the object and the other loose wire on another part of the object and see if the object completes the circuit.,the wire have to be together so it can work so if they out they cannot work.,2,2.457
fruitsnap contains little or no vitamin c so fruitsnap does not change the color of the indophenol.,because fruitsnap did not have a lot of vitamin c in it.,4,3.682
the mirror would complete the image of the object and make the object appear whole.,the other and the same side of the object.,4,2.303
a reaction was indicated by the bubbles of gas (a new material) being produced.,it was a slow reaction but when it started to bubble and the shell dissolved it was a reaction.,4,3.726
a heat sink is any material that absorbs (a lot of) heat.,a heat sink heats up slowly and cools down slowly.,2,3.604
"when the string was shorter, the pitch was higher.",the string made a low pitch.,3,3.935
rub the minerals together and see which one scratches the other.,rub them together.,2,2.323
"if a part of the plant contains seeds, that part is the fruit.",if it has a seed or not.,4,3.959
2: trace the features from the photograph onto the overlay grid. 4: transfer the features to the matching squares on the smaller grid in your notebook.,2. see how much square cubes on the overlay grid fit in the photograph. 2. count how much fits in the smaller cubes.,1,2.71
"the clay particles are lighter or smaller and are therefore carried farther by the water, so the clay particles end up the greatest distance away from the mouth of the river.",because it is so light.,2,2.066
there is a complete circuit connecting the bulb to the d-cell battery.,because the d-cell is in the middle.,1,1.897
"jim would see a clear solution. 3 spoons of solid dissolves, so 2 spoons will dissolve.",that there is one dg. one spoon is 5 grams.,1,1.556
sammy's. different materials would make very different sounds. different size wood would make very similar sounds.,sammy - because when you drop something in the drop chamber it will be making sound.,2,2.166
"if gas (carbon dioxide) is produced, the food contains acid. if no gas is produced, the food does not contain acid.",if it had acid and how much sugar.,2,2.051
a. the water in julie's heater got hotter faster (or had a greater temperature change in 20 minutes). the collector in heater a has the greater surface area so the water in a would get hotter faster than the water in b.,a. i looked at the chart.,2,3.474
seeing multiple colors would show that vinegar can separate the permanent ink.,because when you put it in it wicks.,1,1.817
"the circuit is parallel, so each bulb has its own pathway to the d-cell battery, so the bulbs that do not burn out continue to shine.",it happens because if it is a cut off where i marked it they would still light.,1,1.608
sammy's. different materials would make very different sounds. different size wood would make very similar sounds.,sammy's - because the blocks are made of different things instead of just wood and wood sounds the same.,2,2.342
bubbling means a gas has formed. gas is a new material. a new material indicates a reaction.,"because it was making gas, it was fizzing, it made some precipitant.",4,2.645
"you can not tell because we do not know the strength of the magnets. if the magnets are weak, the second piece of foam might put too much distance between the 2 magnets for the interaction to hold the magnets in place. if the magnets are strong the magnets might stay in place.",it might stick because the magnets are strong or it might not because the foam could be too thick.,4,3.315
an experiment is controlled if only one variable is changed at a time.,a experiment in which one variable is changed.,4,3.28
the motor will run.,the motor will work.,4,3.843
"x. when equal amounts of 2 solutions are compared, the solution that is more concentrated will have the greater mass (weigh more). 50 milliliters of x has a greater mass than 50 milliliters of y, so x must be more concentrated.","x, i know cup x is the most concentrated because it weighs the most.",2,2.598
"no, fruity cream cookies are not pure sugar. the cookies did not produce as much gas as was produced by the pure sugar.",yes because fruity cream cookies have sugar.,3,2.532
there is 30 grams (20 grams plus 10 grams) in the right cup. the balance is tipped down on the ball side which means the ball weighs more than 30 grams. 40 grams is the only weight heavier than 30 grams.,because the ball cannot be 40 grams or 20 grams it has to be 30 grams because the ball it little.,3,3.349
"the brass ring would not stick to the nail because the ring is not iron. the nail is a temporary magnet, but brass cannot become a temporary magnet and thus does not stick to magnets.",i think it would not stick because it is a plastic and it cannot do that.,3,2.471
the root grows first so the root can take up water for the plant.,so it can keep growing so it will not.,1,1.885
different girls are throwing the balls. the girls use different launch techniques. each girl uses a different type of ball.,"ran, stood, and walked 2 steps. also the balls they used.",3,2.428
yes. black absorbs more heat (energy) than white. white reflects more heat (energy) than black. therefore the black covered box will heat up faster than the white covered box.,yes. because black attracts heat. so it will heat up faster.,2,2.765
"as time increases, the speed of light stays the same (remains constant).",how long it takes to get to the speed of light.,2,1.945
sammy's. different materials would make very different sounds. different size wood would make very similar sounds.,sammy - sammy's idea would be much more easier because if you did it with shapes and sizes it would be hard to hear.,2,1.989
"when less than 3 scoops of fertilizer are used, the more fertilizer used, the greater the mass of beans harvested. when more than 3 scoops of fertilizer are used, the more fertilizer used, the less the mass of beans harvested.",every time she put in scoops it went up until 3 scoops. then it went down.,2,2.872
all variables except the girl need to be held constant (controlled). the girls all need to throw the same ball and use the same launch technique.,"stay at the line, use one ball, everyone get a 2 step, throw.",2,1.903
water heats up faster when covered.,with a cover it does make it warmer but i think it depends on what color is underneath it.,4,2.035
seeing multiple colors would show that vinegar can separate the permanent ink.,sarah will know if she watches it wick.,2,1.373
the boat with 0 marbles is the standard in this experiment.,it is an a controlled experiment.,1,1.919
water will always flow downhill (mountain to valley).,because it starts between a valley and mountains and goes the opposite direction.,1,2.298
earth materials settle out during deposition.,earth materials get carried away.,3,2.433
seeing multiple colors would show that vinegar can separate the permanent ink.,the pigment will separate.,2,2.436
"yes, aluminum foil is a metal and all metals conduct. the aluminum foil would complete the circuit.","no, if you use aluminum foil it still will not work.",3,2.757
the loops begin at opposite sides of the print.,"some are loop, arch, whorled.",1,1.664
if the middle bulb burns out the other 2 bulbs will stay lit.,if one burns out the rest will stay on.,4,3.937
the crystals were square with xs on the surface.,i knew the crystals were salt because of the patterns and shapes.,4,1.316
the loops begin at opposite sides of the print.,one loop is coming from the left and the other one the right.,4,3.163
the root grows first so the root can take up water for the plant.,the root grows first because it needs to make food for the seed.,2,1.403
the circuit is not complete. the electrical pathway is broken.,i chose that answer because one of the 2 ends are not touching.,4,2.417
crystals of different materials have different shapes. so the shape will help identify the material.,use all the salt then wait for them to evaporate but in the other trays name them by the salt so he would know which one is which but then there done he can see which one looks like that one.,4,2.306
2: trace the features from the photograph onto the overlay grid. 4: transfer the features to the matching squares on the smaller grid in your notebook.,2. trace the grid with a marker on the overlay grid. 4. color the smaller grid.,2,2.39
"as time increases, the number of tree rings also increases.",i think the graph tells me that all the numbers are common.,1,1.4
"if gas (carbon dioxide) is produced, the food contains acid. if no gas is produced, the food does not contain acid.","if the syringe went up at all, that means the food contains acid. we already know that the food contains sugar because it fizzed.",4,3.055
diva needs to know how much gas pure sugar produced in order to decide whether the cookies are pure sugar. diva needs to make a controlled experiment.,to see which one has the more sugar to compare with the fruity cream cookies.,1,2.396
you can see how much time is taken for the earth materials to move.,what time everything happened.,2,2.132
compare prints to see if the patterns are the same.,i will know when the dogs are asleep.,1,1.599
"if the effort is applied farther from the fulcrum, less effort will lift the load.",the relationship between the amount of effort required and its distance from the fulcrum is as the effort increased distance from the fulcrum the effort needed decreased.,4,3.377
water will always flow downhill (mountain to valley).,because that is downhill.,2,1.985
"when the string was tighter, the pitch was higher.",the pitch is higher.,4,3.916
"if the motor runs, the object is a conductor.",you will know because it will start to work.,4,2.903
"when the string is tighter, the pitch will be higher.",the sound would be higher.,4,3.281
use a standard unit of measurement such as centimeters or meters.,use a ruler.,4,3.01
"the negative terminals of the d-cell batteries are facing each other, so there is no flow of electricity.",because electricity does not flow from positive to positive they flow from negative to positive.,4,3.126
2: trace the features from the photograph onto the overlay grid. 4: transfer the features to the matching squares on the smaller grid in your notebook.,2. then you use a marker to trace the items on the map. 4. do it again then color what you did.,2,1.524
diva needs to know how much gas pure sugar produced in order to decide whether the cookies are pure sugar. diva needs to make a controlled experiment.,"diva needed to test pure sugar because if she just tested fruity cream cookies, she would have no proof of them having less milliliters than pure sugar.",4,2.496
solar water heaters with blue collectors heat up faster than solar water heaters with red collectors.,blue heats water better.,4,3.411
"yes, aluminum foil is a metal and all metals conduct. the aluminum foil would complete the circuit.",no because it will not let electricity flow and it is not metal.,3,2.902
"if gas (carbon dioxide) is produced, the food contains acid. if no gas is produced, the food does not contain acid.",that is how much acid or sugar it has.,2,2.256
"if gas (carbon dioxide) is produced, the food contains acid. if no gas is produced, the food does not contain acid.",that there was sugar in the cookie.,2,2.069
the loops begin at opposite sides of the print.,they are facing different ways.,2,2.893
emily's crystals are the same shape as the alum crystals shown on the key.,i looked at the pictures below and one of them looked like mystery solution looked at it said alum i picked alum.,4,2.066
"you can not tell because we do not know the strength of the magnets. if the magnets are weak, the second piece of foam might put too much distance between the 2 magnets for the interaction to hold the magnets in place. if the magnets are strong the magnets might stay in place.",because 2 foam blocks are a lot thicker for the magnetic field to get through.,3,2.842
yes. black absorbs more heat (energy) than white. white reflects more heat (energy) than black. therefore the black covered box will heat up faster than the white covered box.,yes. because the sun hits the boxes and the inside gets really warm. so the thermometer will show the temp.,2,2.355
she recommended the topographic map because the map shows the elevations along the trail. pam would know where the trail was the steepest.,it has more details and they show other paths beside just her's.,2,1.306
the mirror would complete the image of the object and make the object appear whole.,the other part of that shape of the flat figure.,4,2.101
the motor will run.,the motor will only run.,4,3.965
"yes, aluminum foil is a metal and all metals conduct. the aluminum foil would complete the circuit.","yes, because it has a little bit of metal in it.",4,2.973
"when the string was shorter, the pitch was higher.",when it is shortened the string is not that long so it makes a different sound.,1,2.655
the mixtures are all clear.,"mixtures one, 3, and possibly 2 are clear a sign that the material has dissolved and made a solution.",4,3.764
the crystals have different shapes. salt crystals are square with little xs. the calcite crystals are shaped like needles (long and skinny).,i can tell the difference because calcite crystals spread out and salt crystals look like squares.,2,2.436
elena should include a separate shelter for each lizard.,elena has to put homes inside of the habitat.,4,3.487
the root grows first so the root can take up water for the plant.,because that is a part of the plant.,1,1.115
the sand particles are larger and settle first. the flour particles are smaller and therefore settle more slowly.,it separates because of the water.,1,1.627
a heat sink is any material that absorbs (a lot of) heat.,a heat sink is material that takes in more heat.,4,3.686
diva needs to know how much gas pure sugar produced in order to decide whether the cookies are pure sugar. diva needs to make a controlled experiment.,she needed to compare if fruity cream cookies is pure sugar.,2,1.814
a reaction was indicated by the bubbles of gas (a new material) being produced.,because there were gas bubbles.,4,3.84
"the water was evaporated, leaving the salt.",we evaporated the salt from the water because the water evaporated and separated.,4,3.831
the circuit is not complete. the electrical pathway is broken.,i chose that answer because it is not a complete circuit.,4,3.871
"a. dry soil heats more quickly and cools off more quickly than water. the graph shows a heats and cools more quickly than b, so a must be the dry soil.",a. dry soil heats up quickly and more than water but loses its heat quickly like line a on the graph.,4,2.663
if the middle bulb burns out the other 2 bulbs will stay lit.,the 2 bulbs will stay lit.,4,3.969
emily's crystals are the same shape as the alum crystals shown on the key.,because alum looks like the picture above.,4,1.765
"if the string is shorter, the pitch will be higher. if the string is longer, the pitch will be lower.",a short string the vibrations go faster so there is a higher pitch.,4,3.886
if the middle bulb burns out the other 2 bulbs will stay lit.,if the middle bulb burns out the other 2 will burn out also.,3,3.895
the harder coin will scratch the other.,by the one that leave a mark on one. that means that that one is harder.,4,3.203
the seed coat protects the seed until the plant begins to grow.,protects the cotyledon and embryo.,2,2.017
the crystals have different shapes. salt crystals are square with little xs. the calcite crystals are shaped like needles (long and skinny).,because the salt crystals were squares with xs in them and the calcite crystals were and did not make shapes.,3,3.304
"when the string is tighter, the pitch will be higher.",the pitch would be low.,3,3.697
earth materials settle out during deposition.,the eroded earth materials during deposition get deposited to a different area.,4,2.872
"no, string is an insulator, so the pathway would not be completed.",you cannot because it is an insulator.,4,3.623
the launch position (line on the playground) is the variable that is controlled.,"how they stood in the line, and how far they are.",4,2.204
the mirror would complete the image of the object and make the object appear whole.,you would see the ceiling when it is on a table.,2,1.88
the tree blocks the light from the sun.,the tree shown in the picture has a shadow because tree blocked the light of the sun.,4,3.011
"when less than 3 scoops of fertilizer are used, the more fertilizer used, the greater the mass of beans harvested. when more than 3 scoops of fertilizer are used, the more fertilizer used, the less the mass of beans harvested.",the mass of beans harvested is getting bigger and higher.,3,1.944
"if the string is shorter, the pitch will be higher. if the string is longer, the pitch will be lower.",if you pluck it make a volume.,1,2.681
shadows change during the day because the earth is turning. the sun stays in one place.,"it would best demonstrate shadows change because the flashlight is acting as the sun, and the globe as the earth, so the earth would rotate, not the sun.",4,3.446
"20 centimeters size is between 10 and 30 centimeters, so the temperature change must be less than the 30 centimeters container, but more than the 10 centimeters container. 6 degrees celsius is halfway between.",i just went halfway into 3 and 9 which were the 10 and 30 centimeters temperature at 10 minutes. but since 20 centimeters was 10 centimeters away from 20 and 30 so i went halfway into 3 and 9 and it was 6 because 6 is 3 spaces away from 3 and 9.,4,3.176
"x. when equal amounts of 2 solutions are compared, the solution that is more concentrated will have the greater mass (weigh more). 50 milliliters of x has a greater mass than 50 milliliters of y, so x must be more concentrated.","x, cup x must have been more concentrated because it is heavier.",2,2.518
a heat sink is any material that absorbs (a lot of) heat.,when the temperature drops.,3,1.386
"a. dry soil heats more quickly and cools off more quickly than water. the graph shows a heats and cools more quickly than b, so a must be the dry soil.",a. the graph helped me by showing the temperature. the dry soil is darker with no heat sink material like water to slow the absorption of heat.,2,2.568
yes. black absorbs more heat (energy) than white. white reflects more heat (energy) than black. therefore the black covered box will heat up faster than the white covered box.,black box. because the black box absorb sunlight and that is why the black box is much more hotter than the white one.,2,3.206
"jim would see a clear solution. 3 spoons of solid dissolves, so 2 spoons will dissolve.",it would be a solution. one and 3 have either one spoon or 2 spoons of solid in their mixtures and they are still a solution.,2,3.1
earth materials erode and are carried by flowing water (a river). the earth materials form a delta when the materials are dropped off or deposited when the water stops flowing (at the mouth of a river).,sand gets carried away by the river and settles at the mouth and forms a delta.,4,2.135
different girls are throwing the balls. the girls use different launch techniques. each girl uses a different type of ball.,the balls are different.,2,2.05
overly orange takes fewer drops to change the color of indophenol so overly orange has a higher concentration of vitamin c.,overly orange has more because of the amount of drops she put in.,4,3.141
an experiment is controlled if only one variable is changed at a time.,a controlled experiment is when you control it and it is an experiment of yours.,1,3.391
yes. black absorbs more heat (energy) than white. white reflects more heat (energy) than black. therefore the black covered box will heat up faster than the white covered box.,yes. i know that black materials or plastic or just black will absorb the heat more and white reflects the heat or light back. also black heats faster and more.,4,3.375
greta and andre have different sized hands.,because their hands were different sizes.,4,3.917
the saxophone has the longest and fattest tube.,it is so big it has a lot of room to vibrate.,4,1.859
darker colors absorb more heat than lighter colors. the dark green sheeting is the darkest color available so she should use the green sheeting.,i choose b because if you use a light color the solar energy will reflect off it if you use a dark color it will absorb the solar energy.,4,3.262
the root grows first so the root can take up water for the plant.,to get water for the seed.,4,2.944
the elytra are used to make sounds.,the jaw.,1,1.255
so people know exactly what the measurement means. a standard is necessary so everyone measures using the same unit and everyone gets the same measurement.,because it is better using it so you will not get it wrong.,2,2.718
the crystals were square with xs on the surface.,i knew the crystals were salt by the movie we watched.,1,1.159
"the shorter the string is, the more the string swings in 15 seconds. the longer the string is, the less the string swings in 15 seconds.",the longer the pendulum it will not swing that much.,4,2.486
"x. when equal amounts of 2 solutions are compared, the solution that is more concentrated will have the greater mass (weigh more). 50 milliliters of x has a greater mass than 50 milliliters of y, so x must be more concentrated.","x, cup x because it has more sugar in it.",2,2.546
the launch position (line on the playground) is the variable that is controlled.,she controlled her energy to throw more.,1,1.597
susan should compare the amount of gas in each bag. the bag with the most gas contains the food with the most sugar.,whatever has the most milliliters of poop will have the most sugar.,2,3.442
"x. when equal amounts of 2 solutions are compared, the solution that is more concentrated will have the greater mass (weigh more). 50 milliliters of x has a greater mass than 50 milliliters of y, so x must be more concentrated.","x, how i know is because concentrated means the heaviest.",2,2.377
a solution was created when the eggshells disappeared (dissolved) and the mixture ended up as a clear liquid.,because first she put eggshells then the next day she made a solution.,1,3.014
measure out equal masses of walnuts and peanuts. smash the samples uniformly in the same size area on brown paper. wait the same time for each sample.,anna can put both samples on 2 different pieces of paper and see which one makes a bigger grease spot.,2,1.739
"as time increases, the speed of light stays the same (remains constant).",how fast the speed of light is.,2,1.913
"put acid on a rock. if the acid fizzes, phil would know that the rock has calcite.",he should put vinegar in the vial and put then rock inside and look for bubbles.,4,2.287
sammy's. different materials would make very different sounds. different size wood would make very similar sounds.,"sammy - because he wanted to use plastic, metal, and wood.",2,2.006
a solution was created when the eggshells disappeared (dissolved) and the mixture ended up as a clear liquid.,because she mixed the vinegar with the eggshells and later bubbles started to show up then it cleared.,4,2.474
"if the motor runs, the object is a conductor.",if the light is on or off.,1,2.388
the water splashed because the fork was vibrating. vibrations make sounds.,by looking at how it vibrates.,2,1.418
the elytra are used to make sounds.,hard skin.,1,1.158
the motor will run.,it will turn on.,4,3.28
so that people notice the sound.,so people could know to get out of the way.,4,3.405
"the dissolved salt particles are small enough to go through the holes in the filter paper, but the sand particles are too large.",the salt got dissolved in the water.,2,2.344
"the fizzing indicates a gas, a new material, is produced. when a new material is produced, a chemical reaction has occurred.",because it did something.,1,1.355
a car is made of a lot of iron or steel.,it could attract both metal and then it could change the light.,2,1.506
the water splashed because the fork was vibrating. vibrations make sounds.,the tuning fork is metal so when you hit the tuning fork it vibrates to make sound.,4,2.679
40 meters. the change in elevation is 20 meters between a and b and 20 meters between b and c. so the change between a and c is 40 meters. 20 m plus 20 m equals 40 m.,"60 meters, because it said the change in elevation from line a to b is 20 meters so that lets me know to count by 20 meters.",3,3.267
"if a part of the plant contains seeds, that part is the fruit.",by the texture the smell of the fruit and the weight.,1,1.568
rub the minerals together and see which one scratches the other.,she can use her nail and penny.,1,1.552
"yes, aluminum foil is a metal and all metals conduct. the aluminum foil would complete the circuit.","you can try, but i think it would not work.",3,2.386
a. the water in julie's heater got hotter faster (or had a greater temperature change in 20 minutes). the collector in heater a has the greater surface area so the water in a would get hotter faster than the water in b.,a. box a got hotter because the temperature in the graph helped me decide.,4,3.687
different girls are throwing the balls. the girls use different launch techniques. each girl uses a different type of ball.,"having different balls, and the way they stood at the line.",4,1.901
"no, string is an insulator, so the pathway would not be completed.",no because a piece of string is not something made of wire and cannot carry electricity through that type of material.,4,3.083
a solution is a mixture formed when a solid dissolves in a liquid.,in a solution one material dissolves into the liquid.,4,2.648
rub the minerals together and see which one scratches the other.,rub them together.,4,2.323
"if the string is shorter, the pitch will be higher. if the string is longer, the pitch will be lower.","the long string is going to be lower, the shorter string is going to be higher.",4,3.947
there is a complete circuit connecting the motor to the d-cell battery.,it got closer to the motor.,4,2.523
wendy should hook one end of the wire to the negative side of a d-cell battery and the other end to the positive side of the d-cell battery.,connect the wires to a battery or power source.,4,3.506
"put acid on a rock. if the acid fizzes, phil would know that the rock has calcite.","put the water in the vial and put the calcite in, if the water starts getting murky and bubbles float to the top there is calcite.",2,3.178
the marbles used by the 2 groups were probably different masses.,i think the marbles were different sizes.,4,2.738
susan should compare the amount of gas in each bag. the bag with the most gas contains the food with the most sugar.,by the volume tube how much carbon dioxide. the more carbon dioxide the more sugar.,4,3.25
"when 2 variables are changed, it is impossible to determine which variable is causing what effect.",it would not be useful because red is uncovered and blue is covered and it is not fair.,4,2.34
set up evaporation dishes. the water will go into the air (evaporate) and the solid will be left in the dish (crystallize).,he could put it through a filter and then he would be able to see the crystals.,1,1.84
the root grows first so the root can take up water for the plant.,because the roots go down to the water the leaves go towards the sun.,4,2.363
so that people notice the sound.,they have that so people can get out of the way.,4,3.513
"if gas (carbon dioxide) is produced, the food contains acid. if no gas is produced, the food does not contain acid.",the syringe will go up and will tell you how many milliliters.,2,1.818
fruitsnap contains little or no vitamin c so fruitsnap does not change the color of the indophenol.,because it does not contain vitamin c in fruitsnap. it contains only sugar.,4,3.704
the crystals have different shapes. salt crystals are square with little xs. the calcite crystals are shaped like needles (long and skinny).,"calcite crystals, long needles. salt crystals, x shape.",2,2.361
"when a paperclip sticks to a magnet, the paperclip turns into a temporary magnet, so the paperclip can stick to other paperclips and other things made of iron.",the magnet sends magnet through one paperclip to another.,2,2.496
so that people notice the sound.,to get people out of the way.,4,3.246
wendy should hook one end of the wire to the negative side of a d-cell battery and the other end to the positive side of the d-cell battery.,connect it to a battery.,4,3.375
rub the minerals together and see which one scratches the other.,georgia could rub them together.,2,2.545
"yes, they could both be correct. solubility is not the same for all materials.",no because they are different grams.,3,3.046
the loops begin at opposite sides of the print.,because they are the same and they are loop.,1,3.416
there is a complete circuit connecting the bulb to the d-cell battery.,it will happen because that is turning the switch off or opening the switch.,3,3.257
so people know exactly what the measurement means. a standard is necessary so everyone measures using the same unit and everyone gets the same measurement.,so you can get the measurement the same thing as everyone else.,2,3.411
"no, fruity cream cookies are not pure sugar. the cookies did not produce as much gas as was produced by the pure sugar.","no, fruity cream cookies are not pure sugar because pure sugar is about 200 and fruity cream cookies are at least 150 milliliters.",4,3.073
"a bigger hole puts more water in the stream. increased flow moves more earth materials, increasing erosion. a steeper slope makes the water flow faster. faster flow moves more earth materials, increasing erosion.",because i saw it.,0,1.277
"20 centimeters size is between 10 and 30 centimeters, so the temperature change must be less than the 30 centimeters container, but more than the 10 centimeters container. 6 degrees celsius is halfway between.",the new container would be in the middle of a and b. the temperature would have to be something in between 3 celsius and 9 celsius.,4,3.257
both finger patterns are loops.,they are the same kind of finger patterns.,1,2.063
2: trace the features from the photograph onto the overlay grid. 4: transfer the features to the matching squares on the smaller grid in your notebook.,2. put something on the sides of the grid to hold it down. 4. then color it.,1,1.354
the motor will run.,the bulb will light.,1,1.834
the root grows first so the root can take up water for the plant.,so it can suck up water to grow.,4,3.898
a chemical reaction occurred. [the white solid is a precipitate (a new material) which indicates the reaction.],it creates a precipitate a new chemical who you mix 2 different chemicals and that creates a precipitate.,2,2.647
2: trace the features from the photograph onto the overlay grid. 4: transfer the features to the matching squares on the smaller grid in your notebook.,2. trace the neighborhood. 4. transfer it.,2,2.011
a standard is used for comparison to determine how changing one variable changes the results.,when conducting a controlled experiment you use a standard because you compare your other results to see if it is accurate.,4,2.533
the tree blocks the light from the sun.,the tree has a shadow because it is blocking the sun's light.,4,3.176
diva needs to know how much gas pure sugar produced in order to decide whether the cookies are pure sugar. diva needs to make a controlled experiment.,so she could see which one has more sugar than the other. then she can see which one has less sugar and she can eat that one.,2,2.927
a reaction was indicated by the bubbles of gas (a new material) being produced.,because there are bubbles and the shells just disappeared.,4,3.165
"as time increases, the number of tree rings also increases.",that there is a lot of rings and a lot of time.,2,2.548
"you have to pull up in this system. in the single fixed pulley system, you get a directional advantage.",another disadvantage might be that you cannot lift the load as high as you can in the single fixed because you are using more string.,1,2.345
"when the string was shorter, the pitch was higher.",it gets higher when it is short and lower when it is longer.,4,3.96
the salt crystals are squares with xs on top.,i do not know.,0,0.719
"when a paperclip sticks to a magnet, the paperclip turns into a temporary magnet, so the paperclip can stick to other paperclips and other things made of iron.","the magnet magnetized the first one, then it a temporary magnet and then the next one.",4,3.309
sammy's. different materials would make very different sounds. different size wood would make very similar sounds.,because what if there is only one metal item and you drop it and you hear metal.,1,2.135
the crystals are the same shape as the alum crystals.,because it is the same shape and has the same design in it.,4,3.547
a. the water in julie's heater got hotter faster (or had a greater temperature change in 20 minutes). the collector in heater a has the greater surface area so the water in a would get hotter faster than the water in b.,a. it is box a because the box has more black than the other box and it absorbs the sun is heat.,4,3.858
"no, fruity cream cookies are not pure sugar. the cookies did not produce as much gas as was produced by the pure sugar.",no fruity cream cookies are not pure sugar. my evidence is that there was more carbon dioxide in the pure sugar volume tube than in the fruity cream cookies tube. and carbon dioxide is provided when yeast has warmth sugar and water.,4,3.176
"the clay particles are lighter or smaller and are therefore carried farther by the water, so the clay particles end up the greatest distance away from the mouth of the river.",it will end up there because clay can be broken up into such tiny parts or sediments that it is easily carried by the water and will end up probably the farthest out in the lake.,4,2.956
fruitsnap contains little or no vitamin c so fruitsnap does not change the color of the indophenol.,"it did not change because it had not much vitamin c, so it would take a lot of drops.",4,3.025
different girls are throwing the balls. the girls use different launch techniques. each girl uses a different type of ball.,the type of ball they use how they got to the point of where they were supposed to throw the ball.,4,3.373
a solution was created when the eggshells disappeared (dissolved) and the mixture ended up as a clear liquid.,that is because a solution is clear that you could see through.,2,2.807
diva needs to know how much gas pure sugar produced in order to decide whether the cookies are pure sugar. diva needs to make a controlled experiment.,so she can prove to her dad that the cookies are not pure sugar. so she can have fruity cream cookies.,1,1.651
you can see how much time is taken for the earth materials to move.,elapsed time.,2,1.997
susan should compare the amount of gas in each bag. the bag with the most gas contains the food with the most sugar.,maybe by using the value shared.,2,2.64
"the brass ring would not stick to the nail because the ring is not iron. the nail is a temporary magnet, but brass cannot become a temporary magnet and thus does not stick to magnets.",it might because of the force might be strong enough.,3,2.145
the marbles used by the 2 groups were probably different masses.,maybe jin's group did it by doing it up to down and bee's group did it by going around.,1,1.702
the mixtures are all clear.,there is material on the bottom and that means it is saturated solution.,4,2.477
"when the string is longer, the pitch will be lower.",it would have a lower pitch because it has less room to vibrate.,3,3.392
"the more blocks the truck carries, the less distance the truck travels in 10 seconds.",it went farther with less blocks and it went no farther with more blocks.,3,3.867
a heat sink is any material that absorbs (a lot of) heat.,heat sink is anything that gets or contains heat.,4,3.818
the salt crystals are squares with xs on top.,a box and in x in the box.,4,2.61
the rubber band vibrates.,because it snaps.,3,1.394
use a standard unit of measurement such as centimeters or meters.,with a centimeters tape.,4,3.735
"when 2 variables are changed, it is impossible to determine which variable is causing what effect.",more than one manipulated variable.,4,2.338
"when the string is tighter, the pitch will be higher.",the pitch will get high.,4,3.885
use a standard unit of measurement such as centimeters or meters.,by using a measuring tape.,4,3.66
earth materials erode and are carried by flowing water (a river). the earth materials form a delta when the materials are dropped off or deposited when the water stops flowing (at the mouth of a river).,delta is form by different kinds of rock and gravity.,2,2.002
earth materials erode and are carried by flowing water (a river). the earth materials form a delta when the materials are dropped off or deposited when the water stops flowing (at the mouth of a river).,deltas are formed because the water takes the sand to the end of the river where it piles up and forms a delta.,2,2.201
there is a complete circuit connecting the bulb to the d-cell battery.,she will make a circle.,4,1.99
different girls are throwing the balls. the girls use different launch techniques. each girl uses a different type of ball.,the balls all need to be the same. and they all need to stand and throw.,4,2.524
there is 30 grams (20 grams plus 10 grams) in the right cup. the balance is tipped down on the ball side which means the ball weighs more than 30 grams. 40 grams is the only weight heavier than 30 grams.,the ball is too heavy.,1,2.835
"the clay particles are lighter or smaller and are therefore carried farther by the water, so the clay particles end up the greatest distance away from the mouth of the river.",it is heavy so i thought it would drop off quick.,3,2.151
"yes. if both solutions are saturated (and at the same temperature), the solutions will both have the same concentration. once a solution is saturated, the solution cannot get any more concentrated.","yes, because if you take out the same amount of water out of each solution and put them on a balance then they will weigh the same. only a certain amount of water can hold a certain amount of salt.",2,2.804
"when the string was shorter, the pitch was higher.",it was a higher pitch!,4,3.895
there is a complete circuit connecting the motor to the d-cell battery.,it is a circle.,4,2.233
the root grows first so the root can take up water for the plant.,so it can soak up food.,2,1.77
the harder coin will scratch the other.,you get a penny or a nickel if one of them scratches the metal it is hard.,4,3.661
water will always flow downhill (mountain to valley).,rivers usually flow through valley. it grow weaker at the mountain because it cannot go uphill.,3,2.304
both finger patterns are loops.,loop.,4,1.885
"x. when equal amounts of 2 solutions are compared, the solution that is more concentrated will have the greater mass (weigh more). 50 milliliters of x has a greater mass than 50 milliliters of y, so x must be more concentrated.","x, because the material gave it weight.",2,2.323
the harder coin will scratch the other.,"how you would know that one of them is harder is for say if the nickel never a scratch the penny, and the penny got scratch by the nickel then the nickel would be harder than the penny that is how you would which one is harder.",4,3.915
that circuit is the only circuit that uses all of the correct contact points.,because the electricity goes to the metal and that electricity goes to the filament.,4,3.121
a. the water in julie's heater got hotter faster (or had a greater temperature change in 20 minutes). the collector in heater a has the greater surface area so the water in a would get hotter faster than the water in b.,a. solar water heater a was painted more black so that one got hotter.,4,3.709
"as time increases, the number of tree rings also increases.",the graph tells you the number of tree rings.,1,2.024
a solution was created when the eggshells disappeared (dissolved) and the mixture ended up as a clear liquid.,because bubble came out of the eggshell.,1,1.586
40 meters. the change in elevation is 20 meters between a and b and 20 meters between b and c. so the change between a and c is 40 meters. 20 m plus 20 m equals 40 m.,"40, i know because the distance between every line is 20, since 20 plus 20 equals 40.",4,3.167
there is a complete circuit connecting the bulb to the d-cell battery.,it will happen because the motor and the bulb are not connected on the same wires.,4,3.401
"yes, aluminum foil is a metal and all metals conduct. the aluminum foil would complete the circuit.","no, because it is not made out of metal.",3,3.114
the contour lines are closest together at q.,it is steeper because it is below sea level.,1,1.328
the mirror would complete the image of the object and make the object appear whole.,it could be up and side.,1,2.098
wendy should hook one end of the wire to the negative side of a d-cell battery and the other end to the positive side of the d-cell battery.,"wendy will get a battery and connect the wires to the battery, get a battery holder.",4,3.129
a solution was created when the eggshells disappeared (dissolved) and the mixture ended up as a clear liquid.,i think she made a solution because the eggshells and bubbles disappeared.,4,2.781
use a standard unit of measurement such as centimeters or meters.,the rug was 12.,1,1.699
there is a complete circuit connecting the bulb to the d-cell battery.,that will happen because the switch will touch the wire and electricity will be able to flow.,4,2.934
fabric a is smoother and has a finer texture. fabric b is rougher and has a coarser texture.,a is real bumping and it is hard b has small holes.,3,1.395
"the harder mineral will leave a scratch on the less hard mineral. if the black mineral is harder, the brown mineral will have a scratch.",the one that crumbles the most.,1,2.488
the saxophone has the longest and fattest tube.,it makes the lowest sound because it vibrates slower from having to travel far.,2,2.305
"20 centimeters size is between 10 and 30 centimeters, so the temperature change must be less than the 30 centimeters container, but more than the 10 centimeters container. 6 degrees celsius is halfway between.",it would be less because it will be smaller than the other solar heater except the 10 centimeters one.,2,3.007
the crystals were square with xs on the surface.,they looked like salt.,1,1.124
the solutions have the same concentration (2 spoons in 50 milliliters is the same as 4 spoons in 100 milliliters) so the mass would also be the same.,because he pour only 50 milliliters of solution in each cup.,1,2.695
if the middle bulb burns out the other 2 bulbs will stay lit.,i think they will not go out.,4,3.522
"the clay particles are lighter or smaller and are therefore carried farther by the water, so the clay particles end up the greatest distance away from the mouth of the river.",because clay is a bigger.,3,2.734
bubbling means a gas has formed. gas is a new material. a new material indicates a reaction.,because the solution began to bubble.,2,2.248
crystals of different materials have different shapes. so the shape will help identify the material.,he could compare the crystals to other crystals.,1,1.672
wendy should hook one end of the wire to the negative side of a d-cell battery and the other end to the positive side of the d-cell battery.,connect the wire to the d-cell and turn it on.,4,3.484
crystals of different materials have different shapes. so the shape will help identify the material.,if he has a chart he can just match to whichever one it looks like.,4,1.575
that circuit is the only circuit that uses all of the correct contact points.,why it is the only one is because sometimes you need 2 wires and how it is the only one it is connected to the bottom.,4,3.629
"when the string is tighter, the pitch will be higher.",it would make a higher pitch.,4,3.913
the concentrations are the same because both mixtures are saturated.,the same because once a solution is saturated it is at its greatest concentration.,2,3.737
"if the string is shorter, the pitch will be higher. if the string is longer, the pitch will be lower.",a short string is a higher pitch than lengthier string.,4,3.917
the cotyledon provides food for the plant until the plant can make food for itself.,food supply.,2,2.143
"the brass ring would not stick to the nail because the ring is not iron. the nail is a temporary magnet, but brass cannot become a temporary magnet and thus does not stick to magnets.",fall off because they have no iron in them.,4,2.872
the concentrations are the same because both mixtures are saturated.,they are the same because when the solution is saturated it is at its highest point of concentration.,4,3.782
"when the string was tighter, the pitch was higher.",it would either make the pitch higher or lower.,3,3.924
the particles of the solid are too big to go through the holes in the paper filter.,because the filter cannot hold the water because the filter already has water in it.,1,1.793
"the circuit is parallel, so each bulb has its own pathway to the d-cell battery, so the bulbs that do not burn out continue to shine.",the bulb share the same d-cell.,1,1.518
"when the string was shorter, the pitch was higher.",it sounded high.,4,3.04
"the negative terminals of the d-cell batteries are facing each other, so there is no flow of electricity.",the motor shall not run because electricity flows out of the negative side of the battery.,2,2.479
"the dissolved salt particles are small enough to go through the holes in the filter paper, but the sand particles are too large.",the salt turns to liquid like an ice cube and then to water sand does not.,2,1.89
the particles of the solid are too big to go through the holes in the paper filter.,because the holes in the filter are too small for the solid to go through them.,4,3.663
fabric a is smoother and has a finer texture. fabric b is rougher and has a coarser texture.,a looks kind of smooth and the other one has bumps.,2,1.446
compare prints to see if the patterns are the same.,to put the tape on it and look to see if it is the same type.,4,2.988
greta and andre have different sized hands.,it was because they have different hand sizes.,4,3.903
set up evaporation dishes. the water will go into the air (evaporate) and the solid will be left in the dish (crystallize).,put the solution in an evaporation plate and let it dissolve.,2,2.168
the elytra are used to make sounds.,to protect itself.,1,1.208
"if the motor runs, the object is a conductor.",if the motor comes on.,4,3.776
a solution is a mixture formed when a solid dissolves in a liquid.,clear and 2 things that make it still clear.,1,1.637
the particles of the solid are too big to go through the holes in the paper filter.,because the liquid is a substance that can go through most objects with small or tiny holes and solid cannot.,2,3.194
the water splashed because the fork was vibrating. vibrations make sounds.,because when you hit the tuning fork makes waves.,2,1.585
earth materials erode and are carried by flowing water (a river). the earth materials form a delta when the materials are dropped off or deposited when the water stops flowing (at the mouth of a river).,deltas are form by erosion and deposition.,2,2.107
the mixtures are all clear.,when the mixture is clear and no material is on the bottom.,4,3.657
lee should put one of the loose wires on one part of the object and the other loose wire on another part of the object and see if the object completes the circuit.,start putting the wires on something and see if the motor will go put it to a metal and it might make the motor go.,2,2.235
elena should include a separate shelter for each lizard.,elena should make special places for both of them otherwise they will fight.,4,2.215
many tiny bubbles will rise from the calcite when the calcite contacts the cold acid.,calcite reacts with vinegar.,1,1.553
"yes. if both solutions are saturated (and at the same temperature), the solutions will both have the same concentration. once a solution is saturated, the solution cannot get any more concentrated.",yes because they both cannot hold any more solid.,4,2.857
a standard is used for comparison to determine how changing one variable changes the results.,to compare the new experiment with the standard.,2,2.135
"yes. if both solutions are saturated (and at the same temperature), the solutions will both have the same concentration. once a solution is saturated, the solution cannot get any more concentrated.","no because if you had kool-aid the one with more water will give the powder more space to dissolve, but the one with less water will saturate because there is less space for the powder to dissolve.",3,2.95
compare prints to see if the patterns are the same.,if they are the same dog.,1,2.343
fruitsnap contains little or no vitamin c so fruitsnap does not change the color of the indophenol.,it did not change color because fruitsnap has no vitamin c.,4,3.971
"both solutions are saturated (as indicated by the material on the bottom) so, even though one cup has more spoonfuls of sugar, both have the same (maximum) concentration.",because cup 2 have 8 spoons.,1,1.967
the salt crystals are squares with xs on top.,square has x on it little x.,4,3.839
like poles repel and opposite poles attract.,the magnets are on the side when they repel each other.,1,2.015
the harder coin will scratch the other.,the one that is scratched is softer.,4,3.048
"jim would see a clear solution. 3 spoons of solid dissolves, so 2 spoons will dissolve.",he will see clear and nothing in the bottom because you cannot see nothing in 3.,4,2.98
the seed coat protects the seed until the plant begins to grow.,protects the seed.,2,2.034
"as time increases, the number of tree rings also increases.",that the time increasing and the tree rings are increasing too.,4,3.803
c. black absorbs more heat (energy) than white. pan c has the most dark surface area so c would heat up the fastest and have the highest temperature.,c. they all absorbed the heat. when these disks they absorb and pass the heat between all of them and that is why.,4,3.268
"yes. if both solutions are saturated (and at the same temperature), the solutions will both have the same concentration. once a solution is saturated, the solution cannot get any more concentrated.","no, because it might be a different amount of the solid in it.",3,2.774
water will always flow downhill (mountain to valley).,i think the water flows that way because it is going from happy valley to the river.,3,2.706
"the water was evaporated, leaving the salt.",we poured the salt into a petri dish and poured the water out.,1,1.886
the launch position (line on the playground) is the variable that is controlled.,where they throw their ball from.,4,2.56
like poles repel and opposite poles attract.,the rings are made out of metal because they are repelling.,1,1.604
so people know exactly what the measurement means. a standard is necessary so everyone measures using the same unit and everyone gets the same measurement.,because then the tallies that you use will not make sense.,4,2.601
the crystals have different shapes. salt crystals are square with little xs. the calcite crystals are shaped like needles (long and skinny).,the calcite crystals have lines. salt crystal have squares.,4,1.863
"if the key sticks, the key is iron; if the key does not stick the key is aluminum.",you will put a magnet on it and see if it sticks.,2,2.083
measure out equal masses of walnuts and peanuts. smash the samples uniformly in the same size area on brown paper. wait the same time for each sample.,she can put them on a different piece of paper. the one that has the most biggest spot is the one that has more fat in it.,2,1.995
"when the string is longer, the pitch will be lower.",it would be lower.,4,3.786
"the fizzing indicates a gas, a new material, is produced. when a new material is produced, a chemical reaction has occurred.",because it shows and once you see it you will know that it is a chemical reaction because it starts to look like little bubbles and that is what a chemical reaction is.,1,1.862
the rubber band vibrates.,the rubber band is low.,1,1.37
a. the water in julie's heater got hotter faster (or had a greater temperature change in 20 minutes). the collector in heater a has the greater surface area so the water in a would get hotter faster than the water in b.,a. because the bigger box heats up fast and julie's temperatures were high.,4,3.727
different girls are throwing the balls. the girls use different launch techniques. each girl uses a different type of ball.,how they ran to the line and threw their balls.,2,2.786
"the shorter the string is, the more the string swings in 15 seconds. the longer the string is, the less the string swings in 15 seconds.",the relationship between the string and swinger is that they are different areas and lengths.,1,2.458
"if the effort is applied farther from the fulcrum, less effort will lift the load.",its distance 15 centimeters.,1,1.551
the water splashed because the fork was vibrating. vibrations make sounds.,because when you put the tuning fork in the water you can see the vibrations.,2,1.91
fabric a is smoother and has a finer texture. fabric b is rougher and has a coarser texture.,one of the rubbings are smooth and the other one looks rough.,2,1.989
a reaction was indicated by the bubbles of gas (a new material) being produced.,because it had bubbles appearing.,4,3.778
"as time increases, the speed of light stays the same (remains constant).",as the time go on the speed of light get fast.,3,3.278
"20 centimeters size is between 10 and 30 centimeters, so the temperature change must be less than the 30 centimeters container, but more than the 10 centimeters container. 6 degrees celsius is halfway between.","i chose 6 celsius because you would be counting by 3's if there was a 20 centimeters long, because the length of each container was counting by 10's.",4,2.933
the launch position (line on the playground) is the variable that is controlled.,they all used a ball.,1,1.305
diva needs to know how much gas pure sugar produced in order to decide whether the cookies are pure sugar. diva needs to make a controlled experiment.,to see if it as in the cookies was exactly pure sugar.,1,2.611
"put acid on a rock. if the acid fizzes, phil would know that the rock has calcite.",the color and the want was like. and he can see the hot or cold. and measure and feel it all. and it is stuff.,1,1.363
solar water heaters with blue collectors heat up faster than solar water heaters with red collectors.,the graph tells that the blue covered collected more heat than the red covered.,4,3.431
sammy's. different materials would make very different sounds. different size wood would make very similar sounds.,sammy - because they are made out of different stuff.,2,2.015
wendy should hook one end of the wire to the negative side of a d-cell battery and the other end to the positive side of the d-cell battery.,"wendy will connect the wire to a d-cell battery and switch, switch optional.",4,3.239
"if a part of the plant contains seeds, that part is the fruit.",because it has seeds and if it has seeds in it is a fruit.,4,3.964
the seed coat protects the seed until the plant begins to grow.,it protects the seed from harm.,2,2.189
"the brass ring would not stick to the nail because the ring is not iron. the nail is a temporary magnet, but brass cannot become a temporary magnet and thus does not stick to magnets.",it would not stick because a brass ring is not iron or steel.,4,3.885
2: trace the features from the photograph onto the overlay grid. 4: transfer the features to the matching squares on the smaller grid in your notebook.,2. then trace the model. 4. you draw the map like the overlay grid.,2,1.671
"a bigger hole puts more water in the stream. increased flow moves more earth materials, increasing erosion. a steeper slope makes the water flow faster. faster flow moves more earth materials, increasing erosion.",i choose water source with a bigger hole because the more water the more momentum to destroy. i chose a slope because the water will travel fast.,4,2.42
the contour lines are closest together at q.,i know because the contour lines are closer together.,2,2.455
"a. dry soil heats more quickly and cools off more quickly than water. the graph shows a heats and cools more quickly than b, so a must be the dry soil.",a. because dry soil heats more in the sun.,2,2.274
sammy's. different materials would make very different sounds. different size wood would make very similar sounds.,nathaniel - i picked nathaniel because he has wood only. and sammy has plastic metal and wood.,3,2.372
susan should compare the amount of gas in each bag. the bag with the most gas contains the food with the most sugar.,susan will know which food contains the most sugar seeing which one has the most carbon dioxide.,4,3.673
during a flood there is more water in the creek and the water flows faster.,in a flood the water would be moving stronger and faster than usual.,2,3.112
the boat with 0 marbles is the standard in this experiment.,to is boat.,1,2.04
"the circuit is parallel, so each bulb has its own pathway to the d-cell battery, so the bulbs that do not burn out continue to shine.",the magnetic force will still go through.,1,1.206
"if gas (carbon dioxide) is produced, the food contains acid. if no gas is produced, the food does not contain acid.",the end or final will go white after it.,1,2.073
lee should put one of the loose wires on one part of the object and the other loose wire on another part of the object and see if the object completes the circuit.,"to run the motor use metal, but fabric will not work on it.",2,1.379
the embryo contains the tiny leaves and root of the plant.,baby plant.,4,3.531
different girls are throwing the balls. the girls use different launch techniques. each girl uses a different type of ball.,one variable they did not control was that rachael ran. the other one is that the other 2 girls walked.,4,2.153
"the clay particles are lighter or smaller and are therefore carried farther by the water, so the clay particles end up the greatest distance away from the mouth of the river.",the clay is lighter so it is carried farther.,4,3.258
the seed coat protects the seed until the plant begins to grow.,outer layer protecting the seed.,2,2.339
yes. black absorbs more heat (energy) than white. white reflects more heat (energy) than black. therefore the black covered box will heat up faster than the white covered box.,"yes. the black box will collect more heat, because it is black. black absorbs light from the sun. white reflects light from the light.",4,3.47
use a standard unit of measurement such as centimeters or meters.,she can measure with a centimeters.,4,3.73
greta and andre have different sized hands.,because they used their hands and if they use their hands they can have use the hand then your hands can get tired.,1,2.097
"the more blocks the truck carries, the less distance the truck travels in 10 seconds.",the more blocks added the farther it went.,3,3.689
sammy's. different materials would make very different sounds. different size wood would make very similar sounds.,nathaniel - because it is all the same thing.,3,2.771
"yes. if both solutions are saturated (and at the same temperature), the solutions will both have the same concentration. once a solution is saturated, the solution cannot get any more concentrated.",no they do not because they are not the same amount of water and it will not equal the same.,3,2.872
both finger patterns are loops.,they are loop.,4,3.95
earth materials erode and are carried by flowing water (a river). the earth materials form a delta when the materials are dropped off or deposited when the water stops flowing (at the mouth of a river).,it forms with gravity because it is like metal and plastic.,1,1.649
the particles of the solid are too big to go through the holes in the paper filter.,because she did not wet the filter and when she put the water they got wet.,1,1.696
the bulb will light.,if she moves the switch to the left everything will turn on.,4,2.18
water will always flow downhill (mountain to valley).,i think the water flows in that direction because the river is still trying to find the easiest route.,1,1.739
"when a paperclip sticks to a magnet, the paperclip turns into a temporary magnet, so the paperclip can stick to other paperclips and other things made of iron.",when you pick up a object that object acts like it is a magnet.,2,1.846
the concentrations are the same because both mixtures are saturated.,it is the same because it has the same stuff at the bottom.,2,3.589
"put acid on a rock. if the acid fizzes, phil would know that the rock has calcite.",if you put the rock in vinegar it should fizzle if it has calcite.,4,3.484
water heats up faster when covered.,it tells you that using a cover can make the water hotter because it is trap.,4,3.34
the solutions have the same concentration (2 spoons in 50 milliliters is the same as 4 spoons in 100 milliliters) so the mass would also be the same.,i think the second one because b has more scoops of solute.,3,2.38
overly orange takes fewer drops to change the color of indophenol so overly orange has a higher concentration of vitamin c.,overly orange had the most vitamin c because it does not use the most amount of drops.,4,3.723
emily's crystals are the same shape as the alum crystals shown on the key.,because you see the picture in the dish and it looks the same.,2,1.615
the water splashed because the fork was vibrating. vibrations make sounds.,because after mary hit it on a table it vibrated and the vibration made the water splash!,4,2.661
the embryo contains the tiny leaves and root of the plant.,"the whale structure includes the root, stem, and leaves.",4,1.969
"a. dry soil heats more quickly and cools off more quickly than water. the graph shows a heats and cools more quickly than b, so a must be the dry soil.",a. water is a heat sink and will heat up slow but there is no water in dry soil so it heats up fast.,3,2.976
"when less than 3 scoops of fertilizer are used, the more fertilizer used, the greater the mass of beans harvested. when more than 3 scoops of fertilizer are used, the more fertilizer used, the less the mass of beans harvested.","2 and 4 are both the same mass of beans harvest, they are both 1.2 mass.",2,1.987
she recommended the topographic map because the map shows the elevations along the trail. pam would know where the trail was the steepest.,pam's friend recommend using the topographic map because it has more information.,2,2.348
a solution was created when the eggshells disappeared (dissolved) and the mixture ended up as a clear liquid.,she made a solution because the eggshells had disappeared and it cannot be separated.,4,3.018
"put acid on a rock. if the acid fizzes, phil would know that the rock has calcite.",phil should put the rock in the tube. then put the vinegar in the tube cover the rocks and it should bubble.,4,3.126
like poles repel and opposite poles attract.,the rings do not touch each other because if the magnets are not the right way they will repel.,1,1.56
a car is made of a lot of iron or steel.,if the car stops and waits a little while then the stoplight changes on the other side so the car can go.,1,1.42
the motor will run.,the motor will run.,4,3.998
the launch position (line on the playground) is the variable that is controlled.,throwing the ball from the same line.,4,2.787
the motor will run.,nothing.,3,2.147
a. the water in julie's heater got hotter faster (or had a greater temperature change in 20 minutes). the collector in heater a has the greater surface area so the water in a would get hotter faster than the water in b.,a. the box had a bigger black spot to hold and attract more heat.,4,3.833
the tree blocks the light from the sun.,because the sun is on the east part and the trees block the sun.,4,3.125
40 meters. the change in elevation is 20 meters between a and b and 20 meters between b and c. so the change between a and c is 40 meters. 20 m plus 20 m equals 40 m.,"a, they are closer to each other.",1,3.036
the crystals were square with xs on the surface.,i looked at them really closely and they looked like crystals and diamonds.,4,1.161
there is 30 grams (20 grams plus 10 grams) in the right cup. the balance is tipped down on the ball side which means the ball weighs more than 30 grams. 40 grams is the only weight heavier than 30 grams.,i think that is the answer 20 plus 10 equals 30.,2,2.173
"no, fruity cream cookies are not pure sugar. the cookies did not produce as much gas as was produced by the pure sugar.","no, fruity cream cookies is not pure sugar because pure sugar is 200 milliliters and fruity cream cookies is less than 200 milliliters.",4,3.39
the marbles used by the 2 groups were probably different masses.,because they use marbles and apple.,1,2.3
topaz would be the hardest of the 4 minerals because none of the tools could scratch topaz and at least one tool could scratch each of the other minerals.,i know because when you break a rock that is when you know it is hard or not hard.,1,2.236
in the morning the sun is in the east so shadows point west. in the afternoon the sun is in the west so shadows point east.,"in the morning the sun rises from the east, and the bus blocked the light and made a shadow on the opposite direction.",2,1.443
rub the minerals together and see which one scratches the other.,rub them together.,2,2.323
the concentrations are the same because both mixtures are saturated.,greater than.,3,2.774
so that people notice the sound.,because if someone called 911 they could hear that they are coming.,4,3.075
"yes. if both solutions are saturated (and at the same temperature), the solutions will both have the same concentration. once a solution is saturated, the solution cannot get any more concentrated.","yes because if they are saturated, then the stuff on bottom went to waste and the waters are holding the same number of water and solid except for the stuff on the bottom. take that stuff out then they both have the same concentration.",4,3.13
the solid dissolves (seems to disappear) and the liquid remains clear.,you know because the solid matrix i will dissolve overnight.,2,2.021
a standard is used for comparison to determine how changing one variable changes the results.,so you can get the closest answer to the question.,1,1.682
the launch position (line on the playground) is the variable that is controlled.,the girls controlled the basketball and baseball. also a football.,1,1.554
the circuit is not complete. the electrical pathway is broken.,i chose it because there needs to be more wires on the sign.,4,2.354
different girls are throwing the balls. the girls use different launch techniques. each girl uses a different type of ball.,when they did not throw the ball the same. when they did not do the same starting position.,2,3.315
measure out equal masses of walnuts and peanuts. smash the samples uniformly in the same size area on brown paper. wait the same time for each sample.,anna should make sure one is not salted and one is not.,1,1.536
the marbles used by the 2 groups were probably different masses.,the first group had smaller marbles.,2,2.382
"jim would see a clear solution. 3 spoons of solid dissolves, so 2 spoons will dissolve.",well it would be clear because 2 has more solid and is still clear.,2,2.976
so people know exactly what the measurement means. a standard is necessary so everyone measures using the same unit and everyone gets the same measurement.,well you cannot use straws.,1,1.967
diva needs to know how much gas pure sugar produced in order to decide whether the cookies are pure sugar. diva needs to make a controlled experiment.,she needed to test pure sugar to find out if fruity cream cookies are pure sugar.,4,2.275
the boat with 0 marbles is the standard in this experiment.,size of boat.,1,1.725
the food contains sugar.,it indicates that it has food in it.,1,2.881
measure out equal masses of walnuts and peanuts. smash the samples uniformly in the same size area on brown paper. wait the same time for each sample.,she can get a brown paper bag and cut it. then she should get the peanut and smash it on the paper bag. and she should do the same with the walnut. last she should wait 2 days and see the results. making sure the peanut and walnut weigh one gram.,2,2.125
"if the key sticks, the key is iron; if the key does not stick the key is aluminum.",you can try it out altogether.,1,1.479
"when a paperclip sticks to a magnet, the paperclip turns into a temporary magnet, so the paperclip can stick to other paperclips and other things made of iron.",he magnetized it for a minute.,2,1.538
sammy's. different materials would make very different sounds. different size wood would make very similar sounds.,sammy - because wood blocks of different shapes and sizes would sound the same so sammy's is better.,2,2.247
set up evaporation dishes. the water will go into the air (evaporate) and the solid will be left in the dish (crystallize).,he could evaporate the solution and the water would be in the air and the solid would be in the container.,2,3.311
if the middle bulb burns out the other 2 bulbs will stay lit.,only the middle bulb will go out.,4,3.905
"when a paperclip sticks to a magnet, the paperclip turns into a temporary magnet, so the paperclip can stick to other paperclips and other things made of iron.",the magnet hook all of those paperclips together because the magnetic electricity travels through the paperclips.,2,2.537
a car is made of a lot of iron or steel.,the car is made out of iron so they can attract.,4,3.095
"the more blocks the truck carries, the less distance the truck travels in 10 seconds.",the more blocks you add the less distance it would go. it would have more mass.,4,2.933
"the more blocks the truck carries, the less distance the truck travels in 10 seconds.",the more number of blocks the less distance it goes or the less block the more distance.,4,3.858
"the harder mineral will leave a scratch on the less hard mineral. if the black mineral is harder, the brown mineral will have a scratch.","she can rub the scratch. if it goes away, the black one is harder. if it stays there, the brown one is harder.",4,3.671
the motor will continue to run because the motor still has a pathway to the d-cell.,there will be no electricity.,3,1.971
the launch position (line on the playground) is the variable that is controlled.,where they threw it from.,4,2.233
the cotyledon provides food for the plant until the plant can make food for itself.,it stows the food for the young plant.,4,2.089
"you have to pull up in this system. in the single fixed pulley system, you get a directional advantage.",distance.,1,1.476
bill must have been using degrees celsius if 28 is a warm temperature.,celsius.,4,3.999
measure out equal masses of walnuts and peanuts. smash the samples uniformly in the same size area on brown paper. wait the same time for each sample.,"first you will need 2 cups, a scale, brown paper indicator food, and the same size circle on brown paper, one gram fat the cups on the scale then put the paper on the cups. put the one gram on one side and the food on the other side, the scale must be even. after you did that with both foods keep the food on the brown paper for 2 days. after 2 days the one with the bigger grease spot is the one with the most fat in it.",2,2.489
solar water heaters with blue collectors heat up faster than solar water heaters with red collectors.,that the blue will heat up faster than the red because the blue is darker.,4,3.813
she recommended the topographic map because the map shows the elevations along the trail. pam would know where the trail was the steepest.,because it has more and more direction to go.,1,1.33
agree. vibrations are movements. vibrations produce sound.,yes because how can it make a sound if it does not vibrate.,4,3.603
a heat sink is any material that absorbs (a lot of) heat.,when the temperature in the thermometer goes down or decreases.,3,1.915
no. only one circuit can be complete at a time.,no! the switch cannot be left and right at the same time.,4,3.284
"no, string is an insulator, so the pathway would not be completed.",no because you need to have a aluminum foil.,2,2.567
the loops begin at opposite sides of the print.,"one loop is on the left, the other loop is on the right.",4,3.362
the crystals have different shapes. salt crystals are square with little xs. the calcite crystals are shaped like needles (long and skinny).,the crystals have xs inside when calcite has like white spot.,2,1.937
the boat with 0 marbles is the standard in this experiment.,the standard was that he used marbles.,1,2.548
lee should put one of the loose wires on one part of the object and the other loose wire on another part of the object and see if the object completes the circuit.,lee can put the object in the middle of the wires hanging down. then you put the wires against the sides of the object.,4,3.389
use a standard unit of mass like grams.,to use a ruler to see if the 2 apples are different.,1,1.394
a standard is used for comparison to determine how changing one variable changes the results.,you use a standard so you will not make a mistake and so you can compare it to differences.,2,2.881
agree. vibrations are movements. vibrations produce sound.,yes i do agree. because an object has to move to make vibration which makes sound.,4,3.743
"put acid on a rock. if the acid fizzes, phil would know that the rock has calcite.",he would observe the calcite. look for calcite in rocks. and then when you think you found it put it in the water.,1,3.085
"when the string is tighter, the pitch will be higher.",it would be a high pitch.,4,3.863
"in the afternoon, shadows point east because the sun is in the west. so the west side is opposite of the shadows.",i followed where i walk and it came to me and i found all the sides.,1,1.136
"when the string is tighter, the pitch will be higher.",the pitch was higher.,4,3.929
c. black absorbs more heat (energy) than white. pan c has the most dark surface area so c would heat up the fastest and have the highest temperature.,c. the one with 3 disks could of got hot because it had more disks than a or b. since it has more disks then it was the one that got the hottest because the sun heat got in it more than the other 2.,4,3.465
so that people notice the sound.,because when a house is on fire the fire people turn on their sirens.,1,2.535
the seed coat protects the seed until the plant begins to grow.,to protect the seed.,2,2.425
"if the motor runs, the object is a conductor.",if it runs.,4,3.894
the elytra are used to make sounds.,the elytra flies. it makes a sound.,4,3.039
the black areas in the 2 collectors (and the collectors themselves) are the same size. the amount of heat absorbed will be the same so the temperature change will also be the same.,"they both are the same size, have the same water amount, and are left out for the same time.",2,3.464
solar water heaters with blue collectors heat up faster than solar water heaters with red collectors.,it tells me that blue heats the water more.,4,3.454
the boat with 0 marbles is the standard in this experiment.,the number of marbles.,1,1.59
"yes, aluminum foil is a metal and all metals conduct. the aluminum foil would complete the circuit.","yes, because electricity can go through foil.",4,2.638
the motor will continue to run because the motor still has a pathway to the d-cell.,the motor will still run because it is a parallel circuit.,4,2.728
fabric a is smoother and has a finer texture. fabric b is rougher and has a coarser texture.,it is different because rubbing b has holes that are dark shaded wide and rubbing a has small holes that are mostly rough.,3,1.378
"if the string is shorter, the pitch will be higher. if the string is longer, the pitch will be lower.",it is different because the short string has a high pitch and the long string has a low pitch.,4,3.879
a. the water in julie's heater got hotter faster (or had a greater temperature change in 20 minutes). the collector in heater a has the greater surface area so the water in a would get hotter faster than the water in b.,a. because her box got the highest temperature. and it had more room to heat it up.,4,3.76
"yes, aluminum foil is a metal and all metals conduct. the aluminum foil would complete the circuit.",yes because foil can very well convert electricity.,2,2.472
wendy should hook one end of the wire to the negative side of a d-cell battery and the other end to the positive side of the d-cell battery.,"get a d-cell and a switch, connect the insulated wire to the switch and battery and you have an electromagnet.",4,3.226
agree. vibrations are movements. vibrations produce sound.,yes because it has to move to make vibrations which make sound.,4,3.837
emily's crystals are the same shape as the alum crystals shown on the key.,because it showed what alum looks like at the bottom.,2,1.87
the black areas in the 2 collectors (and the collectors themselves) are the same size. the amount of heat absorbed will be the same so the temperature change will also be the same.,i chose less than because x is a little bit more smaller.,3,3.134
"20 centimeters size is between 10 and 30 centimeters, so the temperature change must be less than the 30 centimeters container, but more than the 10 centimeters container. 6 degrees celsius is halfway between.",i added a and b 10 minutes and divided the sum by 2 and got the average.,4,1.416
that circuit is the only circuit that uses all of the correct contact points.,the wire has to touch both sides of the battery and the wire has to touch the middle of the light bulb.,4,3.454
"20 centimeters size is between 10 and 30 centimeters, so the temperature change must be less than the 30 centimeters container, but more than the 10 centimeters container. 6 degrees celsius is halfway between.",by using the graph it is saying that 12 celsius is in the middle.,3,2.121
shadows change during the day because the earth is turning. the sun stays in one place.,the shadows are true the day because get night dark.,1,2.092
a heat sink is any material that absorbs (a lot of) heat.,a heat sink is a material that can hold a lot of heats. heat sink heats up materials.,4,3.886
the rubber band vibrates.,because it vibrates.,4,3.999
topaz would be the hardest of the 4 minerals because none of the tools could scratch topaz and at least one tool could scratch each of the other minerals.,"mineral z cannot be scratched by penny, fingernail, and paperclip. topaz cannot be scratched by anything.",3,2.883
the cotyledon provides food for the plant to begin growing.,grow.,1,1.499
sammy's. different materials would make very different sounds. different size wood would make very similar sounds.,sammy's - because the materials he mentioned were all different. so if they are all different you can tell the difference between them.,2,2.289
solar water heaters with blue collectors heat up faster than solar water heaters with red collectors.,that the blue heats more than the red.,4,3.795
different girls are throwing the balls. the girls use different launch techniques. each girl uses a different type of ball.,how they all threw balls. they all should do the same position.,2,2.792
"put acid on a rock. if the acid fizzes, phil would know that the rock has calcite.",he should put it in a vial with vinegar and then drop only the vinegar on later and when it is done there should be white crystals.,2,1.921
"you have to pull up in this system. in the single fixed pulley system, you get a directional advantage.",you have to use less effort.,1,1.579
"yes, aluminum foil is a metal and all metals conduct. the aluminum foil would complete the circuit.",yes why because aluminum is foil and foil is metal.,4,3.263
a car is made of a lot of iron or steel.,the car is made of iron and steel and magnets only stick to iron or steel. so when the car stops it triggers the stoplight.,4,3.645
compare prints to see if the patterns are the same.,by telling if it is a whorl a loop or an arch.,4,1.606
"20 centimeters size is between 10 and 30 centimeters, so the temperature change must be less than the 30 centimeters container, but more than the 10 centimeters container. 6 degrees celsius is halfway between.",it will change because it could be it could change different places.,1,2.291
"yes, they could both be correct. solubility is not the same for all materials.",what do you mean i do not how what you are say to me so can you help me.,0,2.245
if the middle bulb burns out the other 2 bulbs will stay lit.,the other bulbs will still light.,4,3.914
"you have to pull up in this system. in the single fixed pulley system, you get a directional advantage.","compared to a single fixed pulley system, you would not have a directional advantage.",4,3.552
the solutions have the same concentration (2 spoons in 50 milliliters is the same as 4 spoons in 100 milliliters) so the mass would also be the same.,because nigel took out the same amount of solutions. there is 2 spoons for 50 milliliters of water. the concentration are the same.,4,3.32
you can see how much time is taken for the earth materials to move.,you get from a stream table log is a log that tells main events in a certain time and not from a stream table map.,2,2.031
"yes, they could both be correct. solubility is not the same for all materials.",yes they can do it different but be the same way.,2,3.479
agree. vibrations are movements. vibrations produce sound.,yes. when you move something it causes vibrations. and the vibrations cause sound waves.,4,3.665
lee should put one of the loose wires on one part of the object and the other loose wire on another part of the object and see if the object completes the circuit.,he could get a light bulb and try it out or he could get another battery.,1,1.791
"the brass ring would not stick to the nail because the ring is not iron. the nail is a temporary magnet, but brass cannot become a temporary magnet and thus does not stick to magnets.",the brass ring would not stick to the nail.,2,2.671
"if the effort is applied farther from the fulcrum, less effort will lift the load.",as you move out it is easier.,4,1.885
lee should put one of the loose wires on one part of the object and the other loose wire on another part of the object and see if the object completes the circuit.,you can turn it on.,1,1.828
so people know exactly what the measurement means. a standard is necessary so everyone measures using the same unit and everyone gets the same measurement.,you can make it too long or too short if you do not do it.,2,2.357
a. the water in julie's heater got hotter faster (or had a greater temperature change in 20 minutes). the collector in heater a has the greater surface area so the water in a would get hotter faster than the water in b.,b. because his temperature is more taller than david because they are different by how they are.,3,3.6
"the negative terminals of the d-cell batteries are facing each other, so there is no flow of electricity.",if you look very closely the positive to positive and negative to negative. positive and positive do not go together.,2,3.296
"when 2 variables are changed, it is impossible to determine which variable is causing what effect.",it would not tell the difference if blue is warmer the red or uncover heat up slower than cover.,4,2.599
sammy's. different materials would make very different sounds. different size wood would make very similar sounds.,"sammy's - because if you use wooden blocks, then it all sound the same and it is difficult to tell which is which.",2,2.084
water heats up faster when covered.,the blue covered was very hot.,4,2.427
"when the string is tighter, the pitch will be higher.",the volume changes.,1,1.181
"no, string is an insulator, so the pathway would not be completed.","no, because it needs a path of electricity. it would need a wire.",4,3.072
"the harder mineral will leave a scratch on the less hard mineral. if the black mineral is harder, the brown mineral will have a scratch.",because maybe something will come off.,1,2.592
use a standard unit of measurement such as centimeters or meters.,use a meter tape.,4,3.931
"the fizzing indicates a gas, a new material, is produced. when a new material is produced, a chemical reaction has occurred.",because the bubble makes the solution or mixture different.,1,1.244
like poles repel and opposite poles attract.,the north pole and another north pole are touching on the magnet or the south pole and south pole which makes them repel.,3,3.022
"if the effort is applied farther from the fulcrum, less effort will lift the load.","the further the fulcrum lever is, closer it is the less it weighs.",3,3.42
"the fizzing indicates a gas, a new material, is produced. when a new material is produced, a chemical reaction has occurred.",because when more than 2 chemicals are mixed it produces fizzing.,1,1.863
the sand particles are larger and settle first. the flour particles are smaller and therefore settle more slowly.,by dissolving and in water the sand moves around in it.,3,2.191
topaz would be the hardest of the 4 minerals because none of the tools could scratch topaz and at least one tool could scratch each of the other minerals.,"it is so strong that minerals x, y, z cannot break it.",2,2.339
there is 30 grams (20 grams plus 10 grams) in the right cup. the balance is tipped down on the ball side which means the ball weighs more than 30 grams. 40 grams is the only weight heavier than 30 grams.,because the mass pieces gives you the answer.,1,1.232
"the circuit is parallel, so each bulb has its own pathway to the d-cell battery, so the bulbs that do not burn out continue to shine.",the bulbs are connecting to the same circuit. it will not work.,3,2.775
