model,dataset,pearson,rmse,mae,qwk
sbert_finetune,mohler,0.6612040454474657,0.8271167672681368,0.5940740697881728,0.5665075474132371
sbert_finetune,scientsbank,0.6796124014908999,0.9008627307860203,0.7108178494290303,0.5941453105012391
sbert_finetune,beetle,0.754304630278274,0.7196702972980016,0.5421259148757545,0.7207742836985335
pythia_finetune,mohler,0.4958954622636457,0.9538768667130068,0.7571944616791229,0.3497296885707759
pythia_finetune,scientsbank,0.6122966612653117,0.9704631050669945,0.7788939241451709,0.5374401739008842
pythia_finetune,beetle,0.6913217593628727,0.7917051296211418,0.6391008406783307,0.6101114173994342
t5_finetune,mohler,0.6759504214777634,0.8080851996769034,0.5694524245828164,0.598975314392175
t5_finetune,scientsbank,0.6886434003133073,0.8899727969039676,0.6677580166683073,0.6449938366985537
t5_finetune,beetle,0.7437368889958939,0.7336672166787066,0.5581588622018764,0.7007061892767183
