dataset,model,pearson,rmse,mae,qwk
mohler,sbert_classifier,0.6989569354785383,0.7874091172403881,0.5709096719969231,0.5744707350267095
scientsbank,sbert_classifier,0.6170028591846002,0.9656740283426813,0.7876690798799623,0.5291211150378174
beetle,sbert_classifier,0.7437891440376994,0.7320327433280435,0.5622474879347562,0.6852065935970619
