dataset,model,pearson,rmse,mae,qwk
mohler,sbert_classifier,0.6804344778729701,0.8163568446528138,0.6173454899267399,0.5493612663880076
scientsbank,sbert_classifier,0.5930241779478717,1.0006572059243117,0.8667821572290888,0.4400391761231839
beetle,sbert_classifier,0.7236307614801829,0.7605934995008107,0.6018377693282636,0.6409473984993174
mohler,pythia_classifier,0.509155651572097,0.9487480836615831,0.7390320512820513,0.3358274719274249
scientsbank,pythia_classifier,0.538525864975542,1.0487955647873892,0.912451303056434,0.3388232365274352
beetle,pythia_classifier,0.707026954479968,0.7791342974644516,0.6321292775665399,0.6004841313015712
mohler,t5_classifier,0.5696745771330006,0.9090884951386674,0.7047579408686552,0.4017713407216842
scientsbank,t5_classifier,0.5448106900654874,1.058783316729588,0.932420467247932,0.3540403601267874
beetle,t5_classifier,0.7139418172559356,0.7726525427627668,0.6295057034220531,0.6062402401220643
