dataset,model,pearson,rmse,mae,qwk
beetle,pythia,0.452751671480024,1.4947019070831984,1.0144768122646548,0.0
beetle,sbert,0.5007206033122397,0.9593972610202236,0.7792185163979193,0.3837110646508355
beetle,t5,0.4094505508427862,1.3828719370925244,0.967460545465618,0.0209436559144977
mohler,pythia,0.2483342971438749,1.5751522847995438,1.0055935268781475,0.0
mohler,sbert,0.4924201191801828,1.0647472443573478,0.8531395001314342,0.3535645281654407
mohler,t5,0.147185919282864,1.4593141664343352,0.9886698552573692,0.0055759600557986
scientsbank,pythia,0.2779440348339893,1.801591756427018,1.323603686253277,0.0
scientsbank,sbert,0.3918097386531001,1.176959123615861,1.0385322587300465,0.2141647331357647
scientsbank,t5,0.16491662340590033,1.70275699260622,1.2860226293861943,0.0007908505939959731
